phase,matrix,variable,x_label,x_value,component,component_index,lambda,factor_value,plotted_value,y_label
LIQUID,A,Co,x_Co,0.01,r=1,1,0.9999999999958537,0.08558522822686904,0.08558522822651417,λ·A
LIQUID,A,Co,x_Co,0.02,r=1,1,0.9999999999958537,0.1924133538742041,0.1924133538734063,λ·A
LIQUID,A,Co,x_Co,0.03,r=1,1,0.9999999999958537,0.0535964072704128,0.05359640727019057,λ·A
LIQUID,A,Co,x_Co,0.04,r=1,1,0.9999999999958537,-0.1194804293610276,-0.11948042936053219,λ·A
LIQUID,A,Co,x_Co,0.05,r=1,1,0.9999999999958537,-0.1300671489616708,-0.1300671489611315,λ·A
LIQUID,A,Co,x_Co,0.06,r=1,1,0.9999999999958537,0.10034068842556536,0.10034068842514932,λ·A
LIQUID,A,Co,x_Co,0.07,r=1,1,0.9999999999958537,0.31171689113928414,0.31171689113799167,λ·A
LIQUID,A,Co,x_Co,0.08,r=1,1,0.9999999999958537,0.1319718137676345,0.1319718137670873,λ·A
LIQUID,A,Co,x_Co,0.09,r=1,1,0.9999999999958537,-0.18083042661755294,-0.18083042661680315,λ·A
LIQUID,A,Co,x_Co,0.1,r=1,1,0.9999999999958537,-0.21683175821027145,-0.2168317582093724,λ·A
LIQUID,A,Co,x_Co,0.11,r=1,1,0.9999999999958537,0.003158809975594637,0.0031588099755815394,λ·A
LIQUID,A,Co,x_Co,0.12,r=1,1,0.9999999999958537,0.09911169136268186,0.09911169136227091,λ·A
LIQUID,A,Co,x_Co,0.13,r=1,1,0.9999999999958537,-0.1007779850574391,-0.10077798505702124,λ·A
LIQUID,A,Co,x_Co,0.14,r=1,1,0.9999999999958537,-0.28699868515772364,-0.28699868515653365,λ·A
LIQUID,A,Co,x_Co,0.15,r=1,1,0.9999999999958537,-0.2367412084053885,-0.2367412084044069,λ·A
LIQUID,A,Co,x_Co,0.16,r=1,1,0.9999999999958537,-0.004920510548446818,-0.004920510548426416,λ·A
LIQUID,A,Co,x_Co,0.17,r=1,1,0.9999999999958537,-0.004045846311548315,-0.004045846311531539,λ·A
LIQUID,A,Co,x_Co,0.18,r=1,1,0.9999999999958537,-0.19674610952070556,-0.19674610951988977,λ·A
LIQUID,A,Co,x_Co,0.19,r=1,1,0.9999999999958537,-0.26756234326824735,-0.26756234326713796,λ·A
LIQUID,A,Co,x_Co,0.2,r=1,1,0.9999999999958537,-0.09397243494815266,-0.09397243494776301,λ·A
LIQUID,A,Co,x_Co,0.21,r=1,1,0.9999999999958537,0.04776656829891618,0.04776656829871812,λ·A
LIQUID,A,Co,x_Co,0.22,r=1,1,0.9999999999958537,0.05969318335449151,0.059693183354244,λ·A
LIQUID,A,Co,x_Co,0.23,r=1,1,0.9999999999958537,-0.13029338656637002,-0.13029338656582978,λ·A
LIQUID,A,Co,x_Co,0.24,r=1,1,0.9999999999958537,-0.2132612295155485,-0.21326122951466422,λ·A
LIQUID,A,Co,x_Co,0.25,r=1,1,0.9999999999958537,-0.035854548746324266,-0.0358545487461756,λ·A
LIQUID,A,Co,x_Co,0.26,r=1,1,0.9999999999958537,0.18663144310615395,0.18663144310538013,λ·A
LIQUID,A,Co,x_Co,0.27,r=1,1,0.9999999999958537,0.18761661727856607,0.18761661727778814,λ·A
LIQUID,A,Co,x_Co,0.28,r=1,1,0.9999999999958537,-0.007634508388525035,-0.00763450838849338,λ·A
LIQUID,A,Co,x_Co,0.29,r=1,1,0.9999999999958537,-0.03688325179544707,-0.036883251795294135,λ·A
LIQUID,A,Co,x_Co,0.3,r=1,1,0.9999999999958537,0.14195040625989816,0.14195040625930958,λ·A
LIQUID,A,Co,x_Co,0.31,r=1,1,0.9999999999958537,0.2136197814168887,0.21361978141600296,λ·A
LIQUID,A,Co,x_Co,0.32,r=1,1,0.9999999999958537,0.070893272895316,0.07089327289502205,λ·A
LIQUID,A,Co,x_Co,0.33,r=1,1,0.9999999999958537,-0.06356607545918794,-0.06356607545892437,λ·A
LIQUID,A,Co,x_Co,0.34,r=1,1,0.9999999999958537,-0.003527919789885034,-0.003527919789870406,λ·A
LIQUID,A,Co,x_Co,0.35,r=1,1,0.9999999999958537,0.22917781628512707,0.22917781628417683,λ·A
LIQUID,A,Co,x_Co,0.36,r=1,1,0.9999999999958537,0.35311691875494916,0.353116918753485,λ·A
LIQUID,A,Co,x_Co,0.37,r=1,1,0.9999999999958537,0.161290441043727,0.16129044104305823,λ·A
LIQUID,A,Co,x_Co,0.38,r=1,1,0.9999999999958537,-0.07126885944860885,-0.07126885944831335,λ·A
LIQUID,A,Co,x_Co,0.39,r=1,1,0.9999999999958537,-0.10341597952773596,-0.10341597952730716,λ·A
LIQUID,A,Co,x_Co,0.4,r=1,1,0.9999999999958537,0.0688666277732511,0.06886662777296555,λ·A
LIQUID,A,Co,x_Co,0.01,r=2,2,0.999999999999628,-0.2890792839578362,-0.2890792839577287,λ·A
LIQUID,A,Co,x_Co,0.02,r=2,2,0.999999999999628,-0.06441095464679295,-0.06441095464676898,λ·A
LIQUID,A,Co,x_Co,0.03,r=2,2,0.999999999999628,0.05167188450544305,0.05167188450542383,λ·A
LIQUID,A,Co,x_Co,0.04,r=2,2,0.999999999999628,-0.03439979803232512,-0.03439979803231232,λ·A
LIQUID,A,Co,x_Co,0.05,r=2,2,0.999999999999628,-0.16461787147784165,-0.1646178714777804,λ·A
LIQUID,A,Co,x_Co,0.06,r=2,2,0.999999999999628,-0.27453293356923253,-0.2745329335691304,λ·A
LIQUID,A,Co,x_Co,0.07,r=2,2,0.999999999999628,-0.18309880674607468,-0.18309880674600656,λ·A
LIQUID,A,Co,x_Co,0.08,r=2,2,0.999999999999628,-0.07607921083413897,-0.07607921083411066,λ·A
LIQUID,A,Co,x_Co,0.09,r=2,2,0.999999999999628,-0.1311735457449641,-0.1311735457449153,λ·A
LIQUID,A,Co,x_Co,0.1,r=2,2,0.999999999999628,-0.25829632108066275,-0.25829632108056666,λ·A
LIQUID,A,Co,x_Co,0.11,r=2,2,0.999999999999628,-0.29028927968862617,-0.29028927968851814,λ·A
LIQUID,A,Co,x_Co,0.12,r=2,2,0.999999999999628,-0.13086998442835654,-0.13086998442830786,λ·A
LIQUID,A,Co,x_Co,0.13,r=2,2,0.999999999999628,-0.026327636861513102,-0.026327636861503308,λ·A
LIQUID,A,Co,x_Co,0.14,r=2,2,0.999999999999628,-0.12700436591165343,-0.1270043659116062,λ·A
LIQUID,A,Co,x_Co,0.15,r=2,2,0.999999999999628,-0.2942812386589908,-0.29428123865888134,λ·A
LIQUID,A,Co,x_Co,0.16,r=2,2,0.999999999999628,-0.3105216989194947,-0.3105216989193792,λ·A
LIQUID,A,Co,x_Co,0.17,r=2,2,0.999999999999628,-0.16087375566074902,-0.16087375566068918,λ·A
LIQUID,A,Co,x_Co,0.18,r=2,2,0.999999999999628,-0.0649303024835319,-0.06493030248350774,λ·A
LIQUID,A,Co,x_Co,0.19,r=2,2,0.999999999999628,-0.1671783337872969,-0.1671783337872347,λ·A
LIQUID,A,Co,x_Co,0.2,r=2,2,0.999999999999628,-0.23488243359363573,-0.23488243359354835,λ·A
LIQUID,A,Co,x_Co,0.21,r=2,2,0.999999999999628,-0.17680413160672892,-0.17680413160666314,λ·A
LIQUID,A,Co,x_Co,0.22,r=2,2,0.999999999999628,-0.048215622707785746,-0.04821562270776781,λ·A
LIQUID,A,Co,x_Co,0.23,r=2,2,0.999999999999628,0.01035066828507789,0.01035066828507404,λ·A
LIQUID,A,Co,x_Co,0.24,r=2,2,0.999999999999628,-0.07566591280838737,-0.07566591280835923,λ·A
LIQUID,A,Co,x_Co,0.25,r=2,2,0.999999999999628,-0.13009437230518522,-0.13009437230513682,λ·A
LIQUID,A,Co,x_Co,0.26,r=2,2,0.999999999999628,-0.06833736932310891,-0.06833736932308349,λ·A
LIQUID,A,Co,x_Co,0.27,r=2,2,0.999999999999628,0.005307180143160517,0.005307180143158543,λ·A
LIQUID,A,Co,x_Co,0.28,r=2,2,0.999999999999628,-0.004572368208387233,-0.004572368208385532,λ·A
LIQUID,A,Co,x_Co,0.29,r=2,2,0.999999999999628,-0.20034049890014566,-0.20034049890007113,λ·A
LIQUID,A,Co,x_Co,0.3,r=2,2,0.999999999999628,-0.24962209424608986,-0.249622094245997,λ·A
LIQUID,A,Co,x_Co,0.31,r=2,2,0.999999999999628,-0.08280198643088181,-0.082801986430851,λ·A
LIQUID,A,Co,x_Co,0.32,r=2,2,0.999999999999628,0.07734153072229648,0.07734153072226771,λ·A
LIQUID,A,Co,x_Co,0.33,r=2,2,0.999999999999628,0.09801436118506084,0.09801436118502437,λ·A
LIQUID,A,Co,x_Co,0.34,r=2,2,0.999999999999628,-0.049306060325054024,-0.04930606032503568,λ·A
LIQUID,A,Co,x_Co,0.35,r=2,2,0.999999999999628,-0.16180157317834173,-0.16180157317828153,λ·A
LIQUID,A,Co,x_Co,0.36,r=2,2,0.999999999999628,-0.0839656554229529,-0.08396565542292166,λ·A
LIQUID,A,Co,x_Co,0.37,r=2,2,0.999999999999628,0.012220105348018363,0.012220105348013816,λ·A
LIQUID,A,Co,x_Co,0.38,r=2,2,0.999999999999628,-0.01850146946175441,-0.018501469461747525,λ·A
LIQUID,A,Co,x_Co,0.39,r=2,2,0.999999999999628,-0.13445801074407016,-0.13445801074402014,λ·A
LIQUID,A,Co,x_Co,0.4,r=2,2,0.999999999999628,-0.16758486228112765,-0.1675848622810653,λ·A
LIQUID,A,Co,x_Co,0.01,r=3,3,0.9999999999997496,-0.025021904619633484,-0.02502190461962722,λ·A
LIQUID,A,Co,x_Co,0.02,r=3,3,0.9999999999997496,-0.1270651834707523,-0.1270651834707205,λ·A
LIQUID,A,Co,x_Co,0.03,r=3,3,0.9999999999997496,-0.0484523951838321,-0.04845239518381997,λ·A
LIQUID,A,Co,x_Co,0.04,r=3,3,0.9999999999997496,0.007197005882177676,0.007197005882175874,λ·A
LIQUID,A,Co,x_Co,0.05,r=3,3,0.9999999999997496,0.17892398529535433,0.17892398529530953,λ·A
LIQUID,A,Co,x_Co,0.06,r=3,3,0.9999999999997496,0.19504825025551928,0.19504825025547046,λ·A
LIQUID,A,Co,x_Co,0.07,r=3,3,0.9999999999997496,0.047032397043190274,0.0470323970431785,λ·A
LIQUID,A,Co,x_Co,0.08,r=3,3,0.9999999999997496,0.11504481850367973,0.11504481850365093,λ·A
LIQUID,A,Co,x_Co,0.09,r=3,3,0.9999999999997496,0.3105008412230987,0.31050084122302096,λ·A
LIQUID,A,Co,x_Co,0.1,r=3,3,0.9999999999997496,0.38476621196156957,0.38476621196147326,λ·A
LIQUID,A,Co,x_Co,0.11,r=3,3,0.9999999999997496,0.35588103009864824,0.35588103009855915,λ·A
LIQUID,A,Co,x_Co,0.12,r=3,3,0.9999999999997496,0.21494689003702963,0.2149468900369758,λ·A
LIQUID,A,Co,x_Co,0.13,r=3,3,0.9999999999997496,0.22806453849775818,0.22806453849770109,λ·A
LIQUID,A,Co,x_Co,0.14,r=3,3,0.9999999999997496,0.34431629174236306,0.34431629174227685,λ·A
LIQUID,A,Co,x_Co,0.15,r=3,3,0.9999999999997496,0.28769955150912796,0.2876995515090559,λ·A
LIQUID,A,Co,x_Co,0.16,r=3,3,0.9999999999997496,0.1721086965372099,0.17210869653716682,λ·A
LIQUID,A,Co,x_Co,0.17,r=3,3,0.9999999999997496,0.023327734218122873,0.023327734218117034,λ·A
LIQUID,A,Co,x_Co,0.18,r=3,3,0.9999999999997496,0.09801224023579667,0.09801224023577214,λ·A
LIQUID,A,Co,x_Co,0.19,r=3,3,0.9999999999997496,0.1397000679611041,0.13970006796106912,λ·A
LIQUID,A,Co,x_Co,0.2,r=3,3,0.9999999999997496,0.09271358747480778,0.09271358747478456,λ·A
LIQUID,A,Co,x_Co,0.21,r=3,3,0.9999999999997496,-0.08236009815121938,-0.08236009815119875,λ·A
LIQUID,A,Co,x_Co,0.22,r=3,3,0.9999999999997496,-0.11935977800444733,-0.11935977800441745,λ·A
LIQUID,A,Co,x_Co,0.23,r=3,3,0.9999999999997496,-0.08120853829577254,-0.08120853829575221,λ·A
LIQUID,A,Co,x_Co,0.24,r=3,3,0.9999999999997496,0.06271998899018845,0.06271998899017275,λ·A
LIQUID,A,Co,x_Co,0.25,r=3,3,0.9999999999997496,-0.03716807145491192,-0.03716807145490261,λ·A
LIQUID,A,Co,x_Co,0.26,r=3,3,0.9999999999997496,-0.17270031960010732,-0.17270031960006407,λ·A
LIQUID,A,Co,x_Co,0.27,r=3,3,0.9999999999997496,-0.16473044417463964,-0.1647304441745984,λ·A
LIQUID,A,Co,x_Co,0.28,r=3,3,0.9999999999997496,-0.05074342647900168,-0.050743426478988975,λ·A
LIQUID,A,Co,x_Co,0.29,r=3,3,0.9999999999997496,0.0057460650592948935,0.0057460650592934545,λ·A
LIQUID,A,Co,x_Co,0.3,r=3,3,0.9999999999997496,-0.06905907847078331,-0.06905907847076602,λ·A
LIQUID,A,Co,x_Co,0.31,r=3,3,0.9999999999997496,-0.16705753141912066,-0.16705753141907884,λ·A
LIQUID,A,Co,x_Co,0.32,r=3,3,0.9999999999997496,-0.11419263503303252,-0.11419263503300393,λ·A
LIQUID,A,Co,x_Co,0.33,r=3,3,0.9999999999997496,-0.004152653229046937,-0.004152653229045897,λ·A
LIQUID,A,Co,x_Co,0.34,r=3,3,0.9999999999997496,0.04383984319448243,0.04383984319447145,λ·A
LIQUID,A,Co,x_Co,0.35,r=3,3,0.9999999999997496,0.031617695324962905,0.03161769532495499,λ·A
LIQUID,A,Co,x_Co,0.36,r=3,3,0.9999999999997496,-0.07653846526905343,-0.07653846526903427,λ·A
LIQUID,A,Co,x_Co,0.37,r=3,3,0.9999999999997496,-0.03453073751849557,-0.034530737518486926,λ·A
LIQUID,A,Co,x_Co,0.38,r=3,3,0.9999999999997496,0.0820058847335955,0.08200588473357498,λ·A
LIQUID,A,Co,x_Co,0.39,r=3,3,0.9999999999997496,0.038196666014920784,0.03819666601491122,λ·A
LIQUID,A,Co,x_Co,0.4,r=3,3,0.9999999999997496,-0.019810858235212427,-0.019810858235207465,λ·A
LIQUID,A,Co,x_Co,0.01,r=4,4,0.9999999999996284,-0.3197979781031164,-0.31979797810299754,λ·A
LIQUID,A,Co,x_Co,0.02,r=4,4,0.9999999999996284,-0.24149446622382667,-0.24149446622373694,λ·A
LIQUID,A,Co,x_Co,0.03,r=4,4,0.9999999999996284,-0.0904604666709128,-0.09046046667087919,λ·A
LIQUID,A,Co,x_Co,0.04,r=4,4,0.9999999999996284,-0.08640549528527065,-0.08640549528523854,λ·A
LIQUID,A,Co,x_Co,0.05,r=4,4,0.9999999999996284,-0.2124382750971871,-0.21243827509710816,λ·A
LIQUID,A,Co,x_Co,0.06,r=4,4,0.9999999999996284,-0.261048955529775,-0.261048955529678,λ·A
LIQUID,A,Co,x_Co,0.07,r=4,4,0.9999999999996284,-0.15597525858452835,-0.1559752585844704,λ·A
LIQUID,A,Co,x_Co,0.08,r=4,4,0.9999999999996284,-0.01223685480173106,-0.012236854801726513,λ·A
LIQUID,A,Co,x_Co,0.09,r=4,4,0.9999999999996284,-0.0031092014130070745,-0.003109201413005919,λ·A
LIQUID,A,Co,x_Co,0.1,r=4,4,0.9999999999996284,-0.1323701738394532,-0.13237017383940403,λ·A
LIQUID,A,Co,x_Co,0.11,r=4,4,0.9999999999996284,-0.1458255896287695,-0.1458255896287153,λ·A
LIQUID,A,Co,x_Co,0.12,r=4,4,0.9999999999996284,0.003473260081938195,0.0034732600819369045,λ·A
LIQUID,A,Co,x_Co,0.13,r=4,4,0.9999999999996284,0.08020517238317387,0.08020517238314406,λ·A
LIQUID,A,Co,x_Co,0.14,r=4,4,0.9999999999996284,0.0024730994024106828,0.002473099402409764,λ·A
LIQUID,A,Co,x_Co,0.15,r=4,4,0.9999999999996284,-0.11778317820575558,-0.11778317820571181,λ·A
LIQUID,A,Co,x_Co,0.16,r=4,4,0.9999999999996284,-0.11446158552357914,-0.11446158552353661,λ·A
LIQUID,A,Co,x_Co,0.17,r=4,4,0.9999999999996284,0.004766850985003477,0.004766850985001706,λ·A
LIQUID,A,Co,x_Co,0.18,r=4,4,0.9999999999996284,0.05181591001550754,0.051815910015488284,λ·A
LIQUID,A,Co,x_Co,0.19,r=4,4,0.9999999999996284,-0.04736793898464639,-0.04736793898462879,λ·A
LIQUID,A,Co,x_Co,0.2,r=4,4,0.9999999999996284,-0.12868038247041222,-0.1286803824703644,λ·A
LIQUID,A,Co,x_Co,0.21,r=4,4,0.9999999999996284,-0.08989324277822505,-0.08989324277819165,λ·A
LIQUID,A,Co,x_Co,0.22,r=4,4,0.9999999999996284,0.01833309943101564,0.018333099431008824,λ·A
LIQUID,A,Co,x_Co,0.23,r=4,4,0.9999999999996284,0.023155631160204873,0.02315563116019627,λ·A
LIQUID,A,Co,x_Co,0.24,r=4,4,0.9999999999996284,-0.09581496221239122,-0.09581496221235561,λ·A
LIQUID,A,Co,x_Co,0.25,r=4,4,0.9999999999996284,-0.19117753915222713,-0.1911775391521561,λ·A
LIQUID,A,Co,x_Co,0.26,r=4,4,0.9999999999996284,-0.18062946661915869,-0.18062946661909157,λ·A
LIQUID,A,Co,x_Co,0.27,r=4,4,0.9999999999996284,-0.039776463992109296,-0.039776463992094516,λ·A
LIQUID,A,Co,x_Co,0.28,r=4,4,0.9999999999996284,-0.047954339651939876,-0.04795433965192206,λ·A
LIQUID,A,Co,x_Co,0.29,r=4,4,0.9999999999996284,-0.19320842617074338,-0.19320842617067158,λ·A
LIQUID,A,Co,x_Co,0.3,r=4,4,0.9999999999996284,-0.24282932421612882,-0.2428293242160386,λ·A
LIQUID,A,Co,x_Co,0.31,r=4,4,0.9999999999996284,-0.16772566471093617,-0.16772566471087383,λ·A
LIQUID,A,Co,x_Co,0.32,r=4,4,0.9999999999996284,-0.09341788956166408,-0.09341788956162937,λ·A
LIQUID,A,Co,x_Co,0.33,r=4,4,0.9999999999996284,-0.1256081507289257,-0.12560815072887901,λ·A
LIQUID,A,Co,x_Co,0.34,r=4,4,0.9999999999996284,-0.23542927983409764,-0.23542927983401016,λ·A
LIQUID,A,Co,x_Co,0.35,r=4,4,0.9999999999996284,-0.2783483736206588,-0.27834837362055537,λ·A
LIQUID,A,Co,x_Co,0.36,r=4,4,0.9999999999996284,-0.1997337549839109,-0.1997337549838367,λ·A
LIQUID,A,Co,x_Co,0.37,r=4,4,0.9999999999996284,-0.09023083836295889,-0.09023083836292536,λ·A
LIQUID,A,Co,x_Co,0.38,r=4,4,0.9999999999996284,-0.13893133562655496,-0.13893133562650334,λ·A
LIQUID,A,Co,x_Co,0.39,r=4,4,0.9999999999996284,-0.2677068612997537,-0.2677068612996542,λ·A
LIQUID,A,Co,x_Co,0.4,r=4,4,0.9999999999996284,-0.28327062883282295,-0.2832706288327177,λ·A
LIQUID,A,Co,x_Co,0.01,r=5,5,0.9999999999997267,0.06669744624964791,0.06669744624962967,λ·A
LIQUID,A,Co,x_Co,0.02,r=5,5,0.9999999999997267,0.044584359311607084,0.0445843593115949,λ·A
LIQUID,A,Co,x_Co,0.03,r=5,5,0.9999999999997267,-0.0914260512788043,-0.0914260512787793,λ·A
LIQUID,A,Co,x_Co,0.04,r=5,5,0.9999999999997267,-0.1683229779722755,-0.16832297797222948,λ·A
LIQUID,A,Co,x_Co,0.05,r=5,5,0.9999999999997267,-0.06406980897718033,-0.06406980897716281,λ·A
LIQUID,A,Co,x_Co,0.06,r=5,5,0.9999999999997267,0.0700642313774257,0.07006423137740656,λ·A
LIQUID,A,Co,x_Co,0.07,r=5,5,0.9999999999997267,0.07878905861228408,0.07878905861226254,λ·A
LIQUID,A,Co,x_Co,0.08,r=5,5,0.9999999999997267,0.015152052857306907,0.015152052857302766,λ·A
LIQUID,A,Co,x_Co,0.09,r=5,5,0.9999999999997267,-0.024817132619761904,-0.02481713261975512,λ·A
LIQUID,A,Co,x_Co,0.1,r=5,5,0.9999999999997267,0.09493780216758818,0.09493780216756223,λ·A
LIQUID,A,Co,x_Co,0.11,r=5,5,0.9999999999997267,0.3151251257261027,0.31512512572601653,λ·A
LIQUID,A,Co,x_Co,0.12,r=5,5,0.9999999999997267,0.3763762488354394,0.37637624883533655,λ·A
LIQUID,A,Co,x_Co,0.13,r=5,5,0.9999999999997267,0.27884359285633087,0.27884359285625465,λ·A
LIQUID,A,Co,x_Co,0.14,r=5,5,0.9999999999997267,0.185026906036102,0.18502690603605143,λ·A
LIQUID,A,Co,x_Co,0.15,r=5,5,0.9999999999997267,0.25861735698019994,0.2586173569801293,λ·A
LIQUID,A,Co,x_Co,0.16,r=5,5,0.9999999999997267,0.3728946257489163,0.3728946257488144,λ·A
LIQUID,A,Co,x_Co,0.17,r=5,5,0.9999999999997267,0.3023760907622768,0.3023760907621941,λ·A
LIQUID,A,Co,x_Co,0.18,r=5,5,0.9999999999997267,0.14725556598956166,0.14725556598952141,λ·A
LIQUID,A,Co,x_Co,0.19,r=5,5,0.9999999999997267,0.1019388704414363,0.10193887044140844,λ·A
LIQUID,A,Co,x_Co,0.2,r=5,5,0.9999999999997267,0.13831182737239278,0.13831182737235498,λ·A
LIQUID,A,Co,x_Co,0.21,r=5,5,0.9999999999997267,0.16635209059995118,0.16635209059990572,λ·A
LIQUID,A,Co,x_Co,0.22,r=5,5,0.9999999999997267,0.042640686900539716,0.04264068690052806,λ·A
LIQUID,A,Co,x_Co,0.23,r=5,5,0.9999999999997267,-0.07307220445614095,-0.07307220445612098,λ·A
LIQUID,A,Co,x_Co,0.24,r=5,5,0.9999999999997267,-0.028547919961289425,-0.028547919961281622,λ·A
LIQUID,A,Co,x_Co,0.25,r=5,5,0.9999999999997267,0.019056052849703683,0.019056052849698475,λ·A
LIQUID,A,Co,x_Co,0.26,r=5,5,0.9999999999997267,0.057701647450833435,0.05770164745081766,λ·A
LIQUID,A,Co,x_Co,0.27,r=5,5,0.9999999999997267,-0.05707589359103924,-0.05707589359102364,λ·A
LIQUID,A,Co,x_Co,0.28,r=5,5,0.9999999999997267,-0.19723532586599749,-0.19723532586594358,λ·A
LIQUID,A,Co,x_Co,0.29,r=5,5,0.9999999999997267,-0.18525938235471678,-0.18525938235466616,λ·A
LIQUID,A,Co,x_Co,0.3,r=5,5,0.9999999999997267,-0.09690930025472536,-0.09690930025469886,λ·A
LIQUID,A,Co,x_Co,0.31,r=5,5,0.9999999999997267,-0.01731150287925612,-0.017311502879251386,λ·A
LIQUID,A,Co,x_Co,0.32,r=5,5,0.9999999999997267,-0.12567315664585452,-0.12567315664582016,λ·A
LIQUID,A,Co,x_Co,0.33,r=5,5,0.9999999999997267,-0.17311090708504132,-0.173110907084994,λ·A
LIQUID,A,Co,x_Co,0.34,r=5,5,0.9999999999997267,-0.06071616243176947,-0.060716162431752874,λ·A
LIQUID,A,Co,x_Co,0.35,r=5,5,0.9999999999997267,0.021697063615663276,0.021697063615657347,λ·A
LIQUID,A,Co,x_Co,0.36,r=5,5,0.9999999999997267,-0.014919912746121113,-0.014919912746117035,λ·A
LIQUID,A,Co,x_Co,0.37,r=5,5,0.9999999999997267,-0.09467221375166382,-0.09467221375163794,λ·A
LIQUID,A,Co,x_Co,0.38,r=5,5,0.9999999999997267,-0.14164763879365022,-0.1416476387936115,λ·A
LIQUID,A,Co,x_Co,0.39,r=5,5,0.9999999999997267,-0.007939675454928444,-0.007939675454926274,λ·A
LIQUID,A,Co,x_Co,0.4,r=5,5,0.9999999999997267,0.15977806110791062,0.15977806110786696,λ·A
LIQUID,A,Co,x_Co,0.01,r=6,6,0.9999999999996511,0.17665105219215185,0.1766510521920902,λ·A
LIQUID,A,Co,x_Co,0.02,r=6,6,0.9999999999996511,-0.0945647252378049,-0.0945647252377719,λ·A
LIQUID,A,Co,x_Co,0.03,r=6,6,0.9999999999996511,-0.13386471707756245,-0.13386471707751574,λ·A
LIQUID,A,Co,x_Co,0.04,r=6,6,0.9999999999996511,0.10706499194457363,0.10706499194453627,λ·A
LIQUID,A,Co,x_Co,0.05,r=6,6,0.9999999999996511,0.31249358844354463,0.3124935884434356,λ·A
LIQUID,A,Co,x_Co,0.06,r=6,6,0.9999999999996511,0.16539707114171,0.1653970711416523,λ·A
LIQUID,A,Co,x_Co,0.07,r=6,6,0.9999999999996511,-0.07286640384071068,-0.07286640384068525,λ·A
LIQUID,A,Co,x_Co,0.08,r=6,6,0.9999999999996511,-0.10590718174385384,-0.10590718174381689,λ·A
LIQUID,A,Co,x_Co,0.09,r=6,6,0.9999999999996511,0.03599794835650547,0.03599794835649291,λ·A
LIQUID,A,Co,x_Co,0.1,r=6,6,0.9999999999996511,0.11414879164359656,0.11414879164355674,λ·A
LIQUID,A,Co,x_Co,0.11,r=6,6,0.9999999999996511,-0.05644400385063337,-0.056444003850613676,λ·A
LIQUID,A,Co,x_Co,0.12,r=6,6,0.9999999999996511,-0.3212185934193232,-0.3212185934192111,λ·A
LIQUID,A,Co,x_Co,0.13,r=6,6,0.9999999999996511,-0.3001307117727103,-0.30013071177260553,λ·A
LIQUID,A,Co,x_Co,0.14,r=6,6,0.9999999999996511,-0.08320403782947237,-0.08320403782944334,λ·A
LIQUID,A,Co,x_Co,0.15,r=6,6,0.9999999999996511,0.03549741603513688,0.0354974160351245,λ·A
LIQUID,A,Co,x_Co,0.16,r=6,6,0.9999999999996511,-0.14204851969793955,-0.14204851969788998,λ·A
LIQUID,A,Co,x_Co,0.17,r=6,6,0.9999999999996511,-0.33264443855088566,-0.3326444385507696,λ·A
LIQUID,A,Co,x_Co,0.18,r=6,6,0.9999999999996511,-0.23035809895415504,-0.23035809895407466,λ·A
LIQUID,A,Co,x_Co,0.19,r=6,6,0.9999999999996511,0.01236154430525541,0.012361544305251096,λ·A
LIQUID,A,Co,x_Co,0.2,r=6,6,0.9999999999996511,0.05499198674910528,0.05499198674908609,λ·A
LIQUID,A,Co,x_Co,0.21,r=6,6,0.9999999999996511,-0.1061481229000796,-0.10614812290004257,λ·A
LIQUID,A,Co,x_Co,0.22,r=6,6,0.9999999999996511,-0.2509318701838975,-0.25093187018380997,λ·A
LIQUID,A,Co,x_Co,0.23,r=6,6,0.9999999999996511,-0.09658838605259722,-0.09658838605256351,λ·A
LIQUID,A,Co,x_Co,0.24,r=6,6,0.9999999999996511,0.11870361802266625,0.11870361802262483,λ·A
LIQUID,A,Co,x_Co,0.25,r=6,6,0.9999999999996511,0.10884533064613387,0.10884533064609589,λ·A
LIQUID,A,Co,x_Co,0.26,r=6,6,0.9999999999996511,-0.05640127822274052,-0.05640127822272084,λ·A
LIQUID,A,Co,x_Co,0.27,r=6,6,0.9999999999996511,-0.12616930513619712,-0.1261693051361531,λ·A
LIQUID,A,Co,x_Co,0.28,r=6,6,0.9999999999996511,0.05721752670011892,0.057217526700098956,λ·A
LIQUID,A,Co,x_Co,0.29,r=6,6,0.9999999999996511,0.23581429931145634,0.23581429931137404,λ·A
LIQUID,A,Co,x_Co,0.3,r=6,6,0.9999999999996511,0.1861900092614462,0.1861900092613812,λ·A
LIQUID,A,Co,x_Co,0.31,r=6,6,0.9999999999996511,-0.023748576628766633,-0.023748576628758344,λ·A
LIQUID,A,Co,x_Co,0.32,r=6,6,0.9999999999996511,-0.08567568232982291,-0.08567568232979302,λ·A
LIQUID,A,Co,x_Co,0.33,r=6,6,0.9999999999996511,0.08242415900505749,0.08242415900502874,λ·A
LIQUID,A,Co,x_Co,0.34,r=6,6,0.9999999999996511,0.25337565828302716,0.25337565828293873,λ·A
LIQUID,A,Co,x_Co,0.35,r=6,6,0.9999999999996511,0.1560303794731161,0.15603037947306164,λ·A
LIQUID,A,Co,x_Co,0.36,r=6,6,0.9999999999996511,-0.09453200835357356,-0.09453200835354057,λ·A
LIQUID,A,Co,x_Co,0.37,r=6,6,0.9999999999996511,-0.07803338130718897,-0.07803338130716174,λ·A
LIQUID,A,Co,x_Co,0.38,r=6,6,0.9999999999996511,0.09996329688037692,0.09996329688034204,λ·A
LIQUID,A,Co,x_Co,0.39,r=6,6,0.9999999999996511,0.17908637882500392,0.17908637882494144,λ·A
LIQUID,A,Co,x_Co,0.4,r=6,6,0.9999999999996511,-0.02062862266445859,-0.020628622664451392,λ·A
LIQUID,B,Cr,x_Cr,0.01,r=1,1,0.9999999999958537,-0.18978000596408298,-0.18978000596329608,λ·B
LIQUID,B,Cr,x_Cr,0.02,r=1,1,0.9999999999958537,0.0007482813137650318,0.0007482813137619291,λ·B
LIQUID,B,Cr,x_Cr,0.03,r=1,1,0.9999999999958537,0.12691444884960248,0.12691444884907627,λ·B
LIQUID,B,Cr,x_Cr,0.04,r=1,1,0.9999999999958537,0.08622426483497776,0.08622426483462024,λ·B
LIQUID,B,Cr,x_Cr,0.05,r=1,1,0.9999999999958537,-0.020127042814434358,-0.020127042814350904,λ·B
LIQUID,B,Cr,x_Cr,0.06,r=1,1,0.9999999999958537,-0.03618211180140041,-0.03618211180125038,λ·B
LIQUID,B,Cr,x_Cr,0.07,r=1,1,0.9999999999958537,0.19652575595841798,0.1965257559576031,λ·B
LIQUID,B,Cr,x_Cr,0.08,r=1,1,0.9999999999958537,0.4165969724941199,0.4165969724923926,λ·B
LIQUID,B,Cr,x_Cr,0.09,r=1,1,0.9999999999958537,0.3535673554938752,0.3535673554924092,λ·B
LIQUID,B,Cr,x_Cr,0.1,r=1,1,0.9999999999958537,0.13877304769001508,0.13877304768943968,λ·B
LIQUID,B,Cr,x_Cr,0.11,r=1,1,0.9999999999958537,0.045357819058208924,0.04535781905802085,λ·B
LIQUID,B,Cr,x_Cr,0.12,r=1,1,0.9999999999958537,0.1705745546569401,0.17057455465623284,λ·B
LIQUID,B,Cr,x_Cr,0.13,r=1,1,0.9999999999958537,0.22997154126441394,0.2299715412634604,λ·B
LIQUID,B,Cr,x_Cr,0.14,r=1,1,0.9999999999958537,0.08839726844580975,0.08839726844544323,λ·B
LIQUID,B,Cr,x_Cr,0.15,r=1,1,0.9999999999958537,-0.11570498325282734,-0.11570498325234758,λ·B
LIQUID,B,Cr,x_Cr,0.16,r=1,1,0.9999999999958537,-0.1146343920758153,-0.11463439207533999,λ·B
LIQUID,B,Cr,x_Cr,0.17,r=1,1,0.9999999999958537,-0.0021578021901324145,-0.0021578021901234676,λ·B
LIQUID,B,Cr,x_Cr,0.18,r=1,1,0.9999999999958537,0.010384833688143644,0.010384833688100585,λ·B
LIQUID,B,Cr,x_Cr,0.19,r=1,1,0.9999999999958537,-0.13763335112981334,-0.13763335112924266,λ·B
LIQUID,B,Cr,x_Cr,0.2,r=1,1,0.9999999999958537,-0.20776251674228957,-0.20776251674142812,λ·B
LIQUID,B,Cr,x_Cr,0.21,r=1,1,0.9999999999958537,-0.19124003724811417,-0.19124003724732122,λ·B
LIQUID,B,Cr,x_Cr,0.22,r=1,1,0.9999999999958537,-0.08792831666747007,-0.08792831666710549,λ·B
LIQUID,B,Cr,x_Cr,0.23,r=1,1,0.9999999999958537,-0.06958458670038567,-0.06958458670009715,λ·B
LIQUID,B,Cr,x_Cr,0.24,r=1,1,0.9999999999958537,-0.20564719167792808,-0.2056471916770754,λ·B
LIQUID,B,Cr,x_Cr,0.25,r=1,1,0.9999999999958537,-0.29142708829152847,-0.2914270882903201,λ·B
LIQUID,B,Cr,x_Cr,0.26,r=1,1,0.9999999999958537,-0.22273554693901226,-0.22273554693808872,λ·B
LIQUID,B,Cr,x_Cr,0.27,r=1,1,0.9999999999958537,-0.07160234765061609,-0.0716023476503192,λ·B
LIQUID,B,Cr,x_Cr,0.28,r=1,1,0.9999999999958537,-0.045857008862403,-0.04585700886221286,λ·B
LIQUID,B,Cr,x_Cr,0.29,r=1,1,0.9999999999958537,-0.14302926691298282,-0.14302926691238976,λ·B
LIQUID,B,Cr,x_Cr,0.3,r=1,1,0.9999999999958537,-0.1416103835458638,-0.14161038354527664,λ·B
LIQUID,B,Cr,x_Cr,0.31,r=1,1,0.9999999999958537,-0.027806888131638587,-0.02780688813152329,λ·B
LIQUID,B,Cr,x_Cr,0.32,r=1,1,0.9999999999958537,0.009424789062333268,0.00942478906229419,λ·B
LIQUID,B,Cr,x_Cr,0.33,r=1,1,0.9999999999958537,-0.05834126756640252,-0.058341267566160614,λ·B
LIQUID,B,Cr,x_Cr,0.34,r=1,1,0.9999999999958537,-0.1691566126914077,-0.1691566126907063,λ·B
LIQUID,B,Cr,x_Cr,0.35,r=1,1,0.9999999999958537,-0.13756972720261323,-0.13756972720204283,λ·B
LIQUID,B,Cr,x_Cr,0.36,r=1,1,0.9999999999958537,0.05184846393031548,0.0518484639301005,λ·B
LIQUID,B,Cr,x_Cr,0.37,r=1,1,0.9999999999958537,0.16074677708723997,0.16074677708657345,λ·B
LIQUID,B,Cr,x_Cr,0.38,r=1,1,0.9999999999958537,0.05594732290882231,0.055947322908590336,λ·B
LIQUID,B,Cr,x_Cr,0.39,r=1,1,0.9999999999958537,-0.1253094662480416,-0.125309466247522,λ·B
LIQUID,B,Cr,x_Cr,0.4,r=1,1,0.9999999999958537,-0.16969469063810738,-0.16969469063740378,λ·B
LIQUID,B,Cr,x_Cr,0.01,r=2,2,0.999999999999628,0.04672037131132283,0.04672037131130545,λ·B
LIQUID,B,Cr,x_Cr,0.02,r=2,2,0.999999999999628,0.028176136771099272,0.02817613677108879,λ·B
LIQUID,B,Cr,x_Cr,0.03,r=2,2,0.999999999999628,-0.08007094674412613,-0.08007094674409633,λ·B
LIQUID,B,Cr,x_Cr,0.04,r=2,2,0.999999999999628,-0.04410925046636256,-0.04410925046634615,λ·B
LIQUID,B,Cr,x_Cr,0.05,r=2,2,0.999999999999628,-0.03951922649066992,-0.039519226490655215,λ·B
LIQUID,B,Cr,x_Cr,0.06,r=2,2,0.999999999999628,0.14924486408306653,0.14924486408301102,λ·B
LIQUID,B,Cr,x_Cr,0.07,r=2,2,0.999999999999628,0.22658740854180467,0.22658740854172038,λ·B
LIQUID,B,Cr,x_Cr,0.08,r=2,2,0.999999999999628,0.13182500184337786,0.13182500184332882,λ·B
LIQUID,B,Cr,x_Cr,0.09,r=2,2,0.999999999999628,0.043263969559050965,0.043263969559034866,λ·B
LIQUID,B,Cr,x_Cr,0.1,r=2,2,0.999999999999628,0.06382694455855022,0.06382694455852647,λ·B
LIQUID,B,Cr,x_Cr,0.11,r=2,2,0.999999999999628,0.15356018294157195,0.15356018294151483,λ·B
LIQUID,B,Cr,x_Cr,0.12,r=2,2,0.999999999999628,0.07424622880634169,0.07424622880631407,λ·B
LIQUID,B,Cr,x_Cr,0.13,r=2,2,0.999999999999628,-0.12519846119569178,-0.1251984611956452,λ·B
LIQUID,B,Cr,x_Cr,0.14,r=2,2,0.999999999999628,-0.15844417089551854,-0.1584441708954596,λ·B
LIQUID,B,Cr,x_Cr,0.15,r=2,2,0.999999999999628,0.04052265739051822,0.04052265739050314,λ·B
LIQUID,B,Cr,x_Cr,0.16,r=2,2,0.999999999999628,0.25151533644035157,0.251515336440258,λ·B
LIQUID,B,Cr,x_Cr,0.17,r=2,2,0.999999999999628,0.24308988345722743,0.243089883457137,λ·B
LIQUID,B,Cr,x_Cr,0.18,r=2,2,0.999999999999628,0.05904515766964083,0.05904515766961886,λ·B
LIQUID,B,Cr,x_Cr,0.19,r=2,2,0.999999999999628,-0.025815524893935307,-0.025815524893925704,λ·B
LIQUID,B,Cr,x_Cr,0.2,r=2,2,0.999999999999628,-0.027622374493766803,-0.027622374493756527,λ·B
LIQUID,B,Cr,x_Cr,0.21,r=2,2,0.999999999999628,-0.04708324976255378,-0.047083249762536264,λ·B
LIQUID,B,Cr,x_Cr,0.22,r=2,2,0.999999999999628,-0.11520352628269193,-0.11520352628264907,λ·B
LIQUID,B,Cr,x_Cr,0.23,r=2,2,0.999999999999628,-0.25952207838023816,-0.25952207838014163,λ·B
LIQUID,B,Cr,x_Cr,0.24,r=2,2,0.999999999999628,-0.2873171382653705,-0.28731713826526356,λ·B
LIQUID,B,Cr,x_Cr,0.25,r=2,2,0.999999999999628,-0.22009135457809328,-0.2200913545780114,λ·B
LIQUID,B,Cr,x_Cr,0.26,r=2,2,0.999999999999628,-0.18768463306832553,-0.1876846330682557,λ·B
LIQUID,B,Cr,x_Cr,0.27,r=2,2,0.999999999999628,-0.16236672377314273,-0.16236672377308234,λ·B
LIQUID,B,Cr,x_Cr,0.28,r=2,2,0.999999999999628,-0.21395045722848238,-0.21395045722840278,λ·B
LIQUID,B,Cr,x_Cr,0.29,r=2,2,0.999999999999628,-0.06511785951573532,-0.06511785951571109,λ·B
LIQUID,B,Cr,x_Cr,0.3,r=2,2,0.999999999999628,0.15101534213782908,0.1510153421377729,λ·B
LIQUID,B,Cr,x_Cr,0.31,r=2,2,0.999999999999628,0.10842734812519762,0.10842734812515728,λ·B
LIQUID,B,Cr,x_Cr,0.32,r=2,2,0.999999999999628,-0.17445323074490265,-0.17445323074483776,λ·B
LIQUID,B,Cr,x_Cr,0.33,r=2,2,0.999999999999628,-0.32794408450692175,-0.32794408450679974,λ·B
LIQUID,B,Cr,x_Cr,0.34,r=2,2,0.999999999999628,-0.3159494934231917,-0.31594949342307416,λ·B
LIQUID,B,Cr,x_Cr,0.35,r=2,2,0.999999999999628,-0.12978944377946208,-0.1297894437794138,λ·B
LIQUID,B,Cr,x_Cr,0.36,r=2,2,0.999999999999628,-0.05558506396014666,-0.05558506396012598,λ·B
LIQUID,B,Cr,x_Cr,0.37,r=2,2,0.999999999999628,-0.14277209549519987,-0.14277209549514674,λ·B
LIQUID,B,Cr,x_Cr,0.38,r=2,2,0.999999999999628,-0.19145675502707693,-0.1914567550270057,λ·B
LIQUID,B,Cr,x_Cr,0.39,r=2,2,0.999999999999628,-0.11268755771497534,-0.11268755771493341,λ·B
LIQUID,B,Cr,x_Cr,0.4,r=2,2,0.999999999999628,0.06250117717313129,0.06250117717310803,λ·B
LIQUID,B,Cr,x_Cr,0.01,r=3,3,0.9999999999997496,0.24497344822615805,0.2449734482260967,λ·B
LIQUID,B,Cr,x_Cr,0.02,r=3,3,0.9999999999997496,0.2639604038264304,0.2639604038263643,λ·B
LIQUID,B,Cr,x_Cr,0.03,r=3,3,0.9999999999997496,0.16058182672979554,0.16058182672975535,λ·B
LIQUID,B,Cr,x_Cr,0.04,r=3,3,0.9999999999997496,0.051138145712485,0.051138145712472195,λ·B
LIQUID,B,Cr,x_Cr,0.05,r=3,3,0.9999999999997496,-0.05909368284138478,-0.05909368284136999,λ·B
LIQUID,B,Cr,x_Cr,0.06,r=3,3,0.9999999999997496,-0.08873891041303415,-0.08873891041301193,λ·B
LIQUID,B,Cr,x_Cr,0.07,r=3,3,0.9999999999997496,-0.05955376656863932,-0.059553766568624406,λ·B
LIQUID,B,Cr,x_Cr,0.08,r=3,3,0.9999999999997496,-0.15050428001173038,-0.1505042800116927,λ·B
LIQUID,B,Cr,x_Cr,0.09,r=3,3,0.9999999999997496,-0.2818567481561471,-0.28185674815607653,λ·B
LIQUID,B,Cr,x_Cr,0.1,r=3,3,0.9999999999997496,-0.3031357452346052,-0.3031357452345293,λ·B
LIQUID,B,Cr,x_Cr,0.11,r=3,3,0.9999999999997496,-0.2470513934991502,-0.24705139349908836,λ·B
LIQUID,B,Cr,x_Cr,0.12,r=3,3,0.9999999999997496,-0.16308820215636133,-0.1630882021563205,λ·B
LIQUID,B,Cr,x_Cr,0.13,r=3,3,0.9999999999997496,-0.1757930966970862,-0.17579309669704218,λ·B
LIQUID,B,Cr,x_Cr,0.14,r=3,3,0.9999999999997496,-0.20709356984199886,-0.20709356984194702,λ·B
LIQUID,B,Cr,x_Cr,0.15,r=3,3,0.9999999999997496,-0.13104412531317858,-0.13104412531314577,λ·B
LIQUID,B,Cr,x_Cr,0.16,r=3,3,0.9999999999997496,-0.023808602513514205,-0.023808602513508244,λ·B
LIQUID,B,Cr,x_Cr,0.17,r=3,3,0.9999999999997496,0.05836880634381559,0.058368806343800976,λ·B
LIQUID,B,Cr,x_Cr,0.18,r=3,3,0.9999999999997496,0.02565126974484484,0.025651269744838417,λ·B
LIQUID,B,Cr,x_Cr,0.19,r=3,3,0.9999999999997496,0.03833915239398258,0.03833915239397298,λ·B
LIQUID,B,Cr,x_Cr,0.2,r=3,3,0.9999999999997496,0.11559634282127916,0.11559634282125023,λ·B
LIQUID,B,Cr,x_Cr,0.21,r=3,3,0.9999999999997496,0.2317581894045626,0.2317581894045046,λ·B
LIQUID,B,Cr,x_Cr,0.22,r=3,3,0.9999999999997496,0.2300787395744085,0.2300787395743509,λ·B
LIQUID,B,Cr,x_Cr,0.23,r=3,3,0.9999999999997496,0.17819582352277252,0.17819582352272792,λ·B
LIQUID,B,Cr,x_Cr,0.24,r=3,3,0.9999999999997496,0.1265362905606478,0.12653629056061613,λ·B
LIQUID,B,Cr,x_Cr,0.25,r=3,3,0.9999999999997496,0.1968736617730758,0.1968736617730265,λ·B
LIQUID,B,Cr,x_Cr,0.26,r=3,3,0.9999999999997496,0.2825593878367045,0.28255938783663376,λ·B
LIQUID,B,Cr,x_Cr,0.27,r=3,3,0.9999999999997496,0.23703235945339834,0.237032359453339,λ·B
LIQUID,B,Cr,x_Cr,0.28,r=3,3,0.9999999999997496,0.13651070547707495,0.13651070547704078,λ·B
LIQUID,B,Cr,x_Cr,0.29,r=3,3,0.9999999999997496,0.10387449610027258,0.10387449610024657,λ·B
LIQUID,B,Cr,x_Cr,0.3,r=3,3,0.9999999999997496,0.14769009509865783,0.14769009509862085,λ·B
LIQUID,B,Cr,x_Cr,0.31,r=3,3,0.9999999999997496,0.17575761589166755,0.17575761589162356,λ·B
LIQUID,B,Cr,x_Cr,0.32,r=3,3,0.9999999999997496,0.11319287911986115,0.1131928791198328,λ·B
LIQUID,B,Cr,x_Cr,0.33,r=3,3,0.9999999999997496,0.026979790242622453,0.0269797902426157,λ·B
LIQUID,B,Cr,x_Cr,0.34,r=3,3,0.9999999999997496,0.006047904060903617,0.006047904060902103,λ·B
LIQUID,B,Cr,x_Cr,0.35,r=3,3,0.9999999999997496,0.028469150919898836,0.02846915091989171,λ·B
LIQUID,B,Cr,x_Cr,0.36,r=3,3,0.9999999999997496,0.06547058138659599,0.0654705813865796,λ·B
LIQUID,B,Cr,x_Cr,0.37,r=3,3,0.9999999999997496,0.021879051730836846,0.021879051730831368,λ·B
LIQUID,B,Cr,x_Cr,0.38,r=3,3,0.9999999999997496,-0.044478584061392955,-0.04447858406138182,λ·B
LIQUID,B,Cr,x_Cr,0.39,r=3,3,0.9999999999997496,-0.013742321271901519,-0.013742321271898079,λ·B
LIQUID,B,Cr,x_Cr,0.4,r=3,3,0.9999999999997496,0.04803497481492509,0.04803497481491306,λ·B
LIQUID,B,Cr,x_Cr,0.01,r=4,4,0.9999999999996284,0.04295472519635995,0.04295472519634399,λ·B
LIQUID,B,Cr,x_Cr,0.02,r=4,4,0.9999999999996284,0.13018485045414313,0.13018485045409475,λ·B
LIQUID,B,Cr,x_Cr,0.03,r=4,4,0.9999999999996284,0.10441807290930638,0.10441807290926758,λ·B
LIQUID,B,Cr,x_Cr,0.04,r=4,4,0.9999999999996284,0.125581558374518,0.12558155837447135,λ·B
LIQUID,B,Cr,x_Cr,0.05,r=4,4,0.9999999999996284,0.26639659321470577,0.2663965932146068,λ·B
LIQUID,B,Cr,x_Cr,0.06,r=4,4,0.9999999999996284,0.36837331202954976,0.36837331202941287,λ·B
LIQUID,B,Cr,x_Cr,0.07,r=4,4,0.9999999999996284,0.3305136545856611,0.33051365458553833,λ·B
LIQUID,B,Cr,x_Cr,0.08,r=4,4,0.9999999999996284,0.22059157298318705,0.22059157298310508,λ·B
LIQUID,B,Cr,x_Cr,0.09,r=4,4,0.9999999999996284,0.23027288487190894,0.23027288487182337,λ·B
LIQUID,B,Cr,x_Cr,0.1,r=4,4,0.9999999999996284,0.3574789815197259,0.35747898151959306,λ·B
LIQUID,B,Cr,x_Cr,0.11,r=4,4,0.9999999999996284,0.3699383609430871,0.36993836094294963,λ·B
LIQUID,B,Cr,x_Cr,0.12,r=4,4,0.9999999999996284,0.20727315321907797,0.20727315321900094,λ·B
LIQUID,B,Cr,x_Cr,0.13,r=4,4,0.9999999999996284,0.059135525953688185,0.05913552595366621,λ·B
LIQUID,B,Cr,x_Cr,0.14,r=4,4,0.9999999999996284,0.05760622312040391,0.0576062231203825,λ·B
LIQUID,B,Cr,x_Cr,0.15,r=4,4,0.9999999999996284,0.1478660194320007,0.14786601943194574,λ·B
LIQUID,B,Cr,x_Cr,0.16,r=4,4,0.9999999999996284,0.17869041815638187,0.17869041815631548,λ·B
LIQUID,B,Cr,x_Cr,0.17,r=4,4,0.9999999999996284,0.1118368397798353,0.11183683977979374,λ·B
LIQUID,B,Cr,x_Cr,0.18,r=4,4,0.9999999999996284,0.05386818784661654,0.05386818784659652,λ·B
LIQUID,B,Cr,x_Cr,0.19,r=4,4,0.9999999999996284,0.07548811729780153,0.07548811729777348,λ·B
LIQUID,B,Cr,x_Cr,0.2,r=4,4,0.9999999999996284,0.1177252033119803,0.11772520331193656,λ·B
LIQUID,B,Cr,x_Cr,0.21,r=4,4,0.9999999999996284,0.08622011790415582,0.08622011790412377,λ·B
LIQUID,B,Cr,x_Cr,0.22,r=4,4,0.9999999999996284,-0.012329506863714227,-0.012329506863709646,λ·B
LIQUID,B,Cr,x_Cr,0.23,r=4,4,0.9999999999996284,-0.04281953520255106,-0.04281953520253515,λ·B
LIQUID,B,Cr,x_Cr,0.24,r=4,4,0.9999999999996284,-0.015353985580001842,-0.015353985579996137,λ·B
LIQUID,B,Cr,x_Cr,0.25,r=4,4,0.9999999999996284,0.027590724751446263,0.02759072475143601,λ·B
LIQUID,B,Cr,x_Cr,0.26,r=4,4,0.9999999999996284,-0.0155869021442624,-0.015586902144256608,λ·B
LIQUID,B,Cr,x_Cr,0.27,r=4,4,0.9999999999996284,-0.13452680762325897,-0.13452680762320898,λ·B
LIQUID,B,Cr,x_Cr,0.28,r=4,4,0.9999999999996284,-0.10752801005633492,-0.10752801005629496,λ·B
LIQUID,B,Cr,x_Cr,0.29,r=4,4,0.9999999999996284,0.022549391795332784,0.022549391795324406,λ·B
LIQUID,B,Cr,x_Cr,0.3,r=4,4,0.9999999999996284,0.08885431807088613,0.08885431807085312,λ·B
LIQUID,B,Cr,x_Cr,0.31,r=4,4,0.9999999999996284,0.018968884367140233,0.018968884367133183,λ·B
LIQUID,B,Cr,x_Cr,0.32,r=4,4,0.9999999999996284,-0.073921703908992,-0.07392170390896453,λ·B
LIQUID,B,Cr,x_Cr,0.33,r=4,4,0.9999999999996284,-0.06384939816746177,-0.06384939816743804,λ·B
LIQUID,B,Cr,x_Cr,0.34,r=4,4,0.9999999999996284,0.011202422811733736,0.011202422811729573,λ·B
LIQUID,B,Cr,x_Cr,0.35,r=4,4,0.9999999999996284,0.053825042593585386,0.05382504259356539,λ·B
LIQUID,B,Cr,x_Cr,0.36,r=4,4,0.9999999999996284,-0.03257643668385004,-0.03257643668383793,λ·B
LIQUID,B,Cr,x_Cr,0.37,r=4,4,0.9999999999996284,-0.15879718577126042,-0.15879718577120142,λ·B
LIQUID,B,Cr,x_Cr,0.38,r=4,4,0.9999999999996284,-0.18778637611867194,-0.18778637611860216,λ·B
LIQUID,B,Cr,x_Cr,0.39,r=4,4,0.9999999999996284,-0.08324244227648668,-0.08324244227645575,λ·B
LIQUID,B,Cr,x_Cr,0.4,r=4,4,0.9999999999996284,-0.06032790063276118,-0.06032790063273876,λ·B
LIQUID,B,Cr,x_Cr,0.01,r=5,5,0.9999999999997267,-0.10770888791845586,-0.10770888791842642,λ·B
LIQUID,B,Cr,x_Cr,0.02,r=5,5,0.9999999999997267,-0.14823232844857692,-0.1482323284485364,λ·B
LIQUID,B,Cr,x_Cr,0.03,r=5,5,0.9999999999997267,-0.07647649945760748,-0.07647649945758658,λ·B
LIQUID,B,Cr,x_Cr,0.04,r=5,5,0.9999999999997267,0.1129956761895043,0.11299567618947341,λ·B
LIQUID,B,Cr,x_Cr,0.05,r=5,5,0.9999999999997267,0.1671639731738324,0.1671639731737867,λ·B
LIQUID,B,Cr,x_Cr,0.06,r=5,5,0.9999999999997267,0.11645495481424409,0.11645495481421225,λ·B
LIQUID,B,Cr,x_Cr,0.07,r=5,5,0.9999999999997267,0.08793724090078332,0.08793724090075929,λ·B
LIQUID,B,Cr,x_Cr,0.08,r=5,5,0.9999999999997267,0.1046663958968341,0.10466639589680549,λ·B
LIQUID,B,Cr,x_Cr,0.09,r=5,5,0.9999999999997267,0.1950668870318449,0.1950668870317916,λ·B
LIQUID,B,Cr,x_Cr,0.1,r=5,5,0.9999999999997267,0.22464850997631575,0.22464850997625435,λ·B
LIQUID,B,Cr,x_Cr,0.11,r=5,5,0.9999999999997267,0.0767408213783944,0.07674082137837343,λ·B
LIQUID,B,Cr,x_Cr,0.12,r=5,5,0.9999999999997267,-0.08850561736990412,-0.08850561736987993,λ·B
LIQUID,B,Cr,x_Cr,0.13,r=5,5,0.9999999999997267,-0.09755876661176772,-0.09755876661174105,λ·B
LIQUID,B,Cr,x_Cr,0.14,r=5,5,0.9999999999997267,-0.02614053246190044,-0.026140532461893295,λ·B
LIQUID,B,Cr,x_Cr,0.15,r=5,5,0.9999999999997267,-0.021034592058834074,-0.021034592058828325,λ·B
LIQUID,B,Cr,x_Cr,0.16,r=5,5,0.9999999999997267,-0.18490097076305614,-0.1849009707630056,λ·B
LIQUID,B,Cr,x_Cr,0.17,r=5,5,0.9999999999997267,-0.2582359461217645,-0.25823594612169387,λ·B
LIQUID,B,Cr,x_Cr,0.18,r=5,5,0.9999999999997267,-0.18570067443570046,-0.1857006744356497,λ·B
LIQUID,B,Cr,x_Cr,0.19,r=5,5,0.9999999999997267,-0.15035554166506676,-0.15035554166502565,λ·B
LIQUID,B,Cr,x_Cr,0.2,r=5,5,0.9999999999997267,-0.19221289263542182,-0.19221289263536928,λ·B
LIQUID,B,Cr,x_Cr,0.21,r=5,5,0.9999999999997267,-0.312187752238801,-0.3121877522387157,λ·B
LIQUID,B,Cr,x_Cr,0.22,r=5,5,0.9999999999997267,-0.3217828137399807,-0.32178281373989276,λ·B
LIQUID,B,Cr,x_Cr,0.23,r=5,5,0.9999999999997267,-0.18283238160814844,-0.18283238160809845,λ·B
LIQUID,B,Cr,x_Cr,0.24,r=5,5,0.9999999999997267,-0.16850837125187237,-0.16850837125182633,λ·B
LIQUID,B,Cr,x_Cr,0.25,r=5,5,0.9999999999997267,-0.18099287888348628,-0.18099287888343682,λ·B
LIQUID,B,Cr,x_Cr,0.26,r=5,5,0.9999999999997267,-0.27080084244683855,-0.27080084244676456,λ·B
LIQUID,B,Cr,x_Cr,0.27,r=5,5,0.9999999999997267,-0.28870316864712786,-0.2887031686470489,λ·B
LIQUID,B,Cr,x_Cr,0.28,r=5,5,0.9999999999997267,-0.1573595835648423,-0.1573595835647993,λ·B
LIQUID,B,Cr,x_Cr,0.29,r=5,5,0.9999999999997267,-0.07886048716665775,-0.0788604871666362,λ·B
LIQUID,B,Cr,x_Cr,0.3,r=5,5,0.9999999999997267,-0.05770666290573109,-0.05770666290571532,λ·B
LIQUID,B,Cr,x_Cr,0.31,r=5,5,0.9999999999997267,-0.1335762404586124,-0.1335762404585759,λ·B
LIQUID,B,Cr,x_Cr,0.32,r=5,5,0.9999999999997267,-0.12982643534597985,-0.12982643534594435,λ·B
LIQUID,B,Cr,x_Cr,0.33,r=5,5,0.9999999999997267,-0.025313106979999396,-0.025313106979992478,λ·B
LIQUID,B,Cr,x_Cr,0.34,r=5,5,0.9999999999997267,-0.04743358618095427,-0.0474335861809413,λ·B
LIQUID,B,Cr,x_Cr,0.35,r=5,5,0.9999999999997267,-0.13730487719611828,-0.13730487719608075,λ·B
LIQUID,B,Cr,x_Cr,0.36,r=5,5,0.9999999999997267,-0.132775867948647,-0.13277586794861068,λ·B
LIQUID,B,Cr,x_Cr,0.37,r=5,5,0.9999999999997267,-0.07820755668883943,-0.07820755668881806,λ·B
LIQUID,B,Cr,x_Cr,0.38,r=5,5,0.9999999999997267,0.024491578970603414,0.024491578970596718,λ·B
LIQUID,B,Cr,x_Cr,0.39,r=5,5,0.9999999999997267,0.05167644433088396,0.05167644433086983,λ·B
LIQUID,B,Cr,x_Cr,0.4,r=5,5,0.9999999999997267,-0.09890942203140772,-0.09890942203138069,λ·B
LIQUID,B,Cr,x_Cr,0.01,r=6,6,0.9999999999996511,-0.05531511570789482,-0.05531511570787551,λ·B
LIQUID,B,Cr,x_Cr,0.02,r=6,6,0.9999999999996511,-0.18338980329919594,-0.18338980329913193,λ·B
LIQUID,B,Cr,x_Cr,0.03,r=6,6,0.9999999999996511,-0.08526850990369017,-0.08526850990366042,λ·B
LIQUID,B,Cr,x_Cr,0.04,r=6,6,0.9999999999996511,0.06942611785074555,0.06942611785072132,λ·B
LIQUID,B,Cr,x_Cr,0.05,r=6,6,0.9999999999996511,0.08251598347676782,0.08251598347673902,λ·B
LIQUID,B,Cr,x_Cr,0.06,r=6,6,0.9999999999996511,-0.10789156276950633,-0.10789156276946868,λ·B
LIQUID,B,Cr,x_Cr,0.07,r=6,6,0.9999999999996511,-0.20893117442499012,-0.2089311744249172,λ·B
LIQUID,B,Cr,x_Cr,0.08,r=6,6,0.9999999999996511,-0.12464552061357788,-0.12464552061353439,λ·B
LIQUID,B,Cr,x_Cr,0.09,r=6,6,0.9999999999996511,-0.048462384065593576,-0.048462384065576666,λ·B
LIQUID,B,Cr,x_Cr,0.1,r=6,6,0.9999999999996511,-0.11124317514287038,-0.11124317514283157,λ·B
LIQUID,B,Cr,x_Cr,0.11,r=6,6,0.9999999999996511,-0.28041081422739433,-0.28041081422729647,λ·B
LIQUID,B,Cr,x_Cr,0.12,r=6,6,0.9999999999996511,-0.3106032901653128,-0.31060329016520444,λ·B
LIQUID,B,Cr,x_Cr,0.13,r=6,6,0.9999999999996511,-0.14387737380016324,-0.14387737380011303,λ·B
LIQUID,B,Cr,x_Cr,0.14,r=6,6,0.9999999999996511,0.00483291921072936,0.004832919210727674,λ·B
LIQUID,B,Cr,x_Cr,0.15,r=6,6,0.9999999999996511,-0.05474072250427042,-0.05474072250425132,λ·B
LIQUID,B,Cr,x_Cr,0.16,r=6,6,0.9999999999996511,-0.2086361351937807,-0.20863613519370788,λ·B
LIQUID,B,Cr,x_Cr,0.17,r=6,6,0.9999999999996511,-0.1902862651824809,-0.1902862651824145,λ·B
LIQUID,B,Cr,x_Cr,0.18,r=6,6,0.9999999999996511,0.014386245661629278,0.014386245661624258,λ·B
LIQUID,B,Cr,x_Cr,0.19,r=6,6,0.9999999999996511,0.13595562440193912,0.13595562440189168,λ·B
LIQUID,B,Cr,x_Cr,0.2,r=6,6,0.9999999999996511,0.07074034461914452,0.07074034461911984,λ·B
LIQUID,B,Cr,x_Cr,0.21,r=6,6,0.9999999999996511,-0.0354333514883579,-0.03543335148834553,λ·B
LIQUID,B,Cr,x_Cr,0.22,r=6,6,0.9999999999996511,-0.010414586283560111,-0.010414586283556477,λ·B
LIQUID,B,Cr,x_Cr,0.23,r=6,6,0.9999999999996511,0.16129567504604955,0.16129567504599326,λ·B
LIQUID,B,Cr,x_Cr,0.24,r=6,6,0.9999999999996511,0.23857234218721868,0.23857234218713544,λ·B
LIQUID,B,Cr,x_Cr,0.25,r=6,6,0.9999999999996511,0.11599146084071167,0.1159914608406712,λ·B
LIQUID,B,Cr,x_Cr,0.26,r=6,6,0.9999999999996511,0.033192117353847694,0.03319211735383611,λ·B
LIQUID,B,Cr,x_Cr,0.27,r=6,6,0.9999999999996511,0.14116776147371118,0.14116776147366192,λ·B
LIQUID,B,Cr,x_Cr,0.28,r=6,6,0.9999999999996511,0.3017441687436664,0.3017441687435611,λ·B
LIQUID,B,Cr,x_Cr,0.29,r=6,6,0.9999999999996511,0.30869743887144024,0.30869743887133255,λ·B
LIQUID,B,Cr,x_Cr,0.3,r=6,6,0.9999999999996511,0.11818590429619237,0.11818590429615113,λ·B
LIQUID,B,Cr,x_Cr,0.31,r=6,6,0.9999999999996511,0.001173665120922781,0.0011736651209223715,λ·B
LIQUID,B,Cr,x_Cr,0.32,r=6,6,0.9999999999996511,0.08567128995975706,0.08567128995972717,λ·B
LIQUID,B,Cr,x_Cr,0.33,r=6,6,0.9999999999996511,0.2500605093639639,0.25006050936387664,λ·B
LIQUID,B,Cr,x_Cr,0.34,r=6,6,0.9999999999996511,0.3029807768886056,0.30298077688849984,λ·B
LIQUID,B,Cr,x_Cr,0.35,r=6,6,0.9999999999996511,0.1343747202769321,0.1343747202768852,λ·B
LIQUID,B,Cr,x_Cr,0.36,r=6,6,0.9999999999996511,-0.008256166205179988,-0.008256166205177107,λ·B
LIQUID,B,Cr,x_Cr,0.37,r=6,6,0.9999999999996511,0.09241181675257373,0.09241181675254148,λ·B
LIQUID,B,Cr,x_Cr,0.38,r=6,6,0.9999999999996511,0.18337858699593607,0.1833785869958721,λ·B
LIQUID,B,Cr,x_Cr,0.39,r=6,6,0.9999999999996511,0.1025026524658138,0.10250265246577804,λ·B
LIQUID,B,Cr,x_Cr,0.4,r=6,6,0.9999999999996511,-0.07097336909856523,-0.07097336909854046,λ·B
LIQUID,C,Fe,x_Fe,0.01,r=1,1,0.9999999999958537,-0.02431654397610373,-0.024316543976002903,λ·C
LIQUID,C,Fe,x_Fe,0.02,r=1,1,0.9999999999958537,0.01903310600239078,0.01903310600231186,λ·C
LIQUID,C,Fe,x_Fe,0.03,r=1,1,0.9999999999958537,-0.053548180001722775,-0.053548180001500745,λ·C
LIQUID,C,Fe,x_Fe,0.04,r=1,1,0.9999999999958537,-0.24203894040004678,-0.2420389403990432,λ·C
LIQUID,C,Fe,x_Fe,0.05,r=1,1,0.9999999999958537,-0.3147820507632621,-0.3147820507619569,λ·C
LIQUID,C,Fe,x_Fe,0.06,r=1,1,0.9999999999958537,-0.069064711687024,-0.06906471168673763,λ·C
LIQUID,C,Fe,x_Fe,0.07,r=1,1,0.9999999999958537,0.025199297616361548,0.02519929761625706,λ·C
LIQUID,C,Fe,x_Fe,0.08,r=1,1,0.9999999999958537,-0.0858602610186978,-0.0858602610183418,λ·C
LIQUID,C,Fe,x_Fe,0.09,r=1,1,0.9999999999958537,-0.14302755239227835,-0.1430275523916853,λ·C
LIQUID,C,Fe,x_Fe,0.1,r=1,1,0.9999999999958537,-0.10416068885066469,-0.1041606888502328,λ·C
LIQUID,C,Fe,x_Fe,0.11,r=1,1,0.9999999999958537,0.13881450143114513,0.13881450143056956,λ·C
LIQUID,C,Fe,x_Fe,0.12,r=1,1,0.9999999999958537,0.31195388100326515,0.3119538810019717,λ·C
LIQUID,C,Fe,x_Fe,0.13,r=1,1,0.9999999999958537,0.26532975067426245,0.2653297506731623,λ·C
LIQUID,C,Fe,x_Fe,0.14,r=1,1,0.9999999999958537,0.1526133076380794,0.1526133076374466,λ·C
LIQUID,C,Fe,x_Fe,0.15,r=1,1,0.9999999999958537,0.1407335221015839,0.14073352210100037,λ·C
LIQUID,C,Fe,x_Fe,0.16,r=1,1,0.9999999999958537,0.2792176944960262,0.27921769449486844,λ·C
LIQUID,C,Fe,x_Fe,0.17,r=1,1,0.9999999999958537,0.3752979094245223,0.37529790942296615,λ·C
LIQUID,C,Fe,x_Fe,0.18,r=1,1,0.9999999999958537,0.2692360035804965,0.26923600357938016,λ·C
LIQUID,C,Fe,x_Fe,0.19,r=1,1,0.9999999999958537,0.1392283997348584,0.1392283997342811,λ·C
LIQUID,C,Fe,x_Fe,0.2,r=1,1,0.9999999999958537,0.1245028667766194,0.12450286677610317,λ·C
LIQUID,C,Fe,x_Fe,0.21,r=1,1,0.9999999999958537,0.22472753603636453,0.22472753603543272,λ·C
LIQUID,C,Fe,x_Fe,0.22,r=1,1,0.9999999999958537,0.2708554851166358,0.2708554851155128,λ·C
LIQUID,C,Fe,x_Fe,0.23,r=1,1,0.9999999999958537,0.07497155157195656,0.0749715515716457,λ·C
LIQUID,C,Fe,x_Fe,0.24,r=1,1,0.9999999999958537,0.014721799420626527,0.014721799420565486,λ·C
LIQUID,C,Fe,x_Fe,0.25,r=1,1,0.9999999999958537,0.060806686043612584,0.06080668604336046,λ·C
LIQUID,C,Fe,x_Fe,0.26,r=1,1,0.9999999999958537,0.09395247290912533,0.09395247290873576,λ·C
LIQUID,C,Fe,x_Fe,0.27,r=1,1,0.9999999999958537,0.07472061297910781,0.07472061297879799,λ·C
LIQUID,C,Fe,x_Fe,0.28,r=1,1,0.9999999999958537,-0.07140918232240774,-0.07140918232211166,λ·C
LIQUID,C,Fe,x_Fe,0.29,r=1,1,0.9999999999958537,-0.11344324480294903,-0.11344324480247865,λ·C
LIQUID,C,Fe,x_Fe,0.3,r=1,1,0.9999999999958537,-0.04572500112788188,-0.04572500112769229,λ·C
LIQUID,C,Fe,x_Fe,0.31,r=1,1,0.9999999999958537,-0.005357104964492889,-0.005357104964470677,λ·C
LIQUID,C,Fe,x_Fe,0.32,r=1,1,0.9999999999958537,0.02584476665970247,0.02584476665959531,λ·C
LIQUID,C,Fe,x_Fe,0.33,r=1,1,0.9999999999958537,-0.10163058820999606,-0.10163058820957466,λ·C
LIQUID,C,Fe,x_Fe,0.34,r=1,1,0.9999999999958537,-0.14294464104098745,-0.14294464104039475,λ·C
LIQUID,C,Fe,x_Fe,0.35,r=1,1,0.9999999999958537,0.030143660211090623,0.030143660210965637,λ·C
LIQUID,C,Fe,x_Fe,0.36,r=1,1,0.9999999999958537,0.08772926636073065,0.0877292663603669,λ·C
LIQUID,C,Fe,x_Fe,0.37,r=1,1,0.9999999999958537,-0.005828911290823834,-0.005828911290799665,λ·C
LIQUID,C,Fe,x_Fe,0.38,r=1,1,0.9999999999958537,-0.07473531451156032,-0.07473531451125044,λ·C
LIQUID,C,Fe,x_Fe,0.39,r=1,1,0.9999999999958537,-0.05612094681938723,-0.056120946819154534,λ·C
LIQUID,C,Fe,x_Fe,0.4,r=1,1,0.9999999999958537,0.14648211384241977,0.1464821138418124,λ·C
LIQUID,C,Fe,x_Fe,0.01,r=2,2,0.999999999999628,0.0016908212502370558,0.0016908212502364268,λ·C
LIQUID,C,Fe,x_Fe,0.02,r=2,2,0.999999999999628,0.017505707778275554,0.017505707778269042,λ·C
LIQUID,C,Fe,x_Fe,0.03,r=2,2,0.999999999999628,0.0328688246412635,0.03286882464125127,λ·C
LIQUID,C,Fe,x_Fe,0.04,r=2,2,0.999999999999628,0.03108771492718285,0.031087714927171283,λ·C
LIQUID,C,Fe,x_Fe,0.05,r=2,2,0.999999999999628,-0.019889985970429333,-0.019889985970421933,λ·C
LIQUID,C,Fe,x_Fe,0.06,r=2,2,0.999999999999628,0.03634290091684302,0.0363429009168295,λ·C
LIQUID,C,Fe,x_Fe,0.07,r=2,2,0.999999999999628,0.17941170989171762,0.17941170989165087,λ·C
LIQUID,C,Fe,x_Fe,0.08,r=2,2,0.999999999999628,0.15230478846324114,0.1523047884631845,λ·C
LIQUID,C,Fe,x_Fe,0.09,r=2,2,0.999999999999628,0.09009886361472129,0.09009886361468777,λ·C
LIQUID,C,Fe,x_Fe,0.1,r=2,2,0.999999999999628,0.07981818186407098,0.07981818186404128,λ·C
LIQUID,C,Fe,x_Fe,0.11,r=2,2,0.999999999999628,0.11549152162226266,0.11549152162221969,λ·C
LIQUID,C,Fe,x_Fe,0.12,r=2,2,0.999999999999628,0.13545066688364998,0.13545066688359958,λ·C
LIQUID,C,Fe,x_Fe,0.13,r=2,2,0.999999999999628,0.007318796317137435,0.007318796317134712,λ·C
LIQUID,C,Fe,x_Fe,0.14,r=2,2,0.999999999999628,-0.14253250491063874,-0.1425325049105857,λ·C
LIQUID,C,Fe,x_Fe,0.15,r=2,2,0.999999999999628,-0.22907782092404558,-0.22907782092396034,λ·C
LIQUID,C,Fe,x_Fe,0.16,r=2,2,0.999999999999628,-0.2417539964437758,-0.24175399644368586,λ·C
LIQUID,C,Fe,x_Fe,0.17,r=2,2,0.999999999999628,-0.20408964681951225,-0.2040896468194363,λ·C
LIQUID,C,Fe,x_Fe,0.18,r=2,2,0.999999999999628,-0.204360324100306,-0.20436032410022997,λ·C
LIQUID,C,Fe,x_Fe,0.19,r=2,2,0.999999999999628,-0.2632619551674658,-0.2632619551673679,λ·C
LIQUID,C,Fe,x_Fe,0.2,r=2,2,0.999999999999628,-0.23512618182703907,-0.23512618182695158,λ·C
LIQUID,C,Fe,x_Fe,0.21,r=2,2,0.999999999999628,-0.16312253490029238,-0.1631225349002317,λ·C
LIQUID,C,Fe,x_Fe,0.22,r=2,2,0.999999999999628,-0.09449744291006805,-0.0944974429100329,λ·C
LIQUID,C,Fe,x_Fe,0.23,r=2,2,0.999999999999628,-0.12799513369261883,-0.1279951336925712,λ·C
LIQUID,C,Fe,x_Fe,0.24,r=2,2,0.999999999999628,-0.21562511091320533,-0.2156251109131251,λ·C
LIQUID,C,Fe,x_Fe,0.25,r=2,2,0.999999999999628,-0.17435112079902249,-0.17435112079895762,λ·C
LIQUID,C,Fe,x_Fe,0.26,r=2,2,0.999999999999628,-0.16119871140965208,-0.1611987114095921,λ·C
LIQUID,C,Fe,x_Fe,0.27,r=2,2,0.999999999999628,-0.20879724274583036,-0.20879724274575268,λ·C
LIQUID,C,Fe,x_Fe,0.28,r=2,2,0.999999999999628,-0.2872193581926611,-0.28721935819255423,λ·C
LIQUID,C,Fe,x_Fe,0.29,r=2,2,0.999999999999628,-0.30283548714371233,-0.30283548714359965,λ·C
LIQUID,C,Fe,x_Fe,0.3,r=2,2,0.999999999999628,-0.18287100057416625,-0.18287100057409822,λ·C
LIQUID,C,Fe,x_Fe,0.31,r=2,2,0.999999999999628,-0.09061572680818807,-0.09061572680815436,λ·C
LIQUID,C,Fe,x_Fe,0.32,r=2,2,0.999999999999628,-0.05669823858154569,-0.0566982385815246,λ·C
LIQUID,C,Fe,x_Fe,0.33,r=2,2,0.999999999999628,-0.05884942892016746,-0.058849428920145566,λ·C
LIQUID,C,Fe,x_Fe,0.34,r=2,2,0.999999999999628,-0.11196472668906277,-0.1119647266890211,λ·C
LIQUID,C,Fe,x_Fe,0.35,r=2,2,0.999999999999628,-0.05426301606140912,-0.05426301606138893,λ·C
LIQUID,C,Fe,x_Fe,0.36,r=2,2,0.999999999999628,0.0436592841266199,0.04365928412660366,λ·C
LIQUID,C,Fe,x_Fe,0.37,r=2,2,0.999999999999628,-0.04407426815372537,-0.044074268153708976,λ·C
LIQUID,C,Fe,x_Fe,0.38,r=2,2,0.999999999999628,-0.18380868803571376,-0.18380868803564537,λ·C
LIQUID,C,Fe,x_Fe,0.39,r=2,2,0.999999999999628,-0.22295876962440592,-0.22295876962432296,λ·C
LIQUID,C,Fe,x_Fe,0.4,r=2,2,0.999999999999628,-0.17695921801914327,-0.17695921801907744,λ·C
LIQUID,C,Fe,x_Fe,0.01,r=3,3,0.9999999999997496,-0.18958985735227446,-0.189589857352227,λ·C
LIQUID,C,Fe,x_Fe,0.02,r=3,3,0.9999999999997496,-0.2667548673539047,-0.2667548673538379,λ·C
LIQUID,C,Fe,x_Fe,0.03,r=3,3,0.9999999999997496,0.051530165641319695,0.051530165641306795,λ·C
LIQUID,C,Fe,x_Fe,0.04,r=3,3,0.9999999999997496,0.30026481694096113,0.30026481694088597,λ·C
LIQUID,C,Fe,x_Fe,0.05,r=3,3,0.9999999999997496,0.10487231099430193,0.10487231099427567,λ·C
LIQUID,C,Fe,x_Fe,0.06,r=3,3,0.9999999999997496,0.017502848590008974,0.01750284859000459,λ·C
LIQUID,C,Fe,x_Fe,0.07,r=3,3,0.9999999999997496,0.02393224580837027,0.02393224580836428,λ·C
LIQUID,C,Fe,x_Fe,0.08,r=3,3,0.9999999999997496,0.15740152368487897,0.15740152368483956,λ·C
LIQUID,C,Fe,x_Fe,0.09,r=3,3,0.9999999999997496,0.36580123240262874,0.36580123240253715,λ·C
LIQUID,C,Fe,x_Fe,0.1,r=3,3,0.9999999999997496,0.25105791911180103,0.2510579191117382,λ·C
LIQUID,C,Fe,x_Fe,0.11,r=3,3,0.9999999999997496,-0.025808390194193342,-0.025808390194186882,λ·C
LIQUID,C,Fe,x_Fe,0.12,r=3,3,0.9999999999997496,-0.10108091194335307,-0.10108091194332777,λ·C
LIQUID,C,Fe,x_Fe,0.13,r=3,3,0.9999999999997496,0.14344406643664862,0.1434440664366127,λ·C
LIQUID,C,Fe,x_Fe,0.14,r=3,3,0.9999999999997496,0.31178611979132853,0.3117861197912505,λ·C
LIQUID,C,Fe,x_Fe,0.15,r=3,3,0.9999999999997496,0.08849658049961762,0.08849658049959547,λ·C
LIQUID,C,Fe,x_Fe,0.16,r=3,3,0.9999999999997496,-0.26889341074955864,-0.2688934107494913,λ·C
LIQUID,C,Fe,x_Fe,0.17,r=3,3,0.9999999999997496,-0.15634542878327023,-0.1563454287832311,λ·C
LIQUID,C,Fe,x_Fe,0.18,r=3,3,0.9999999999997496,0.16639144325971392,0.16639144325967226,λ·C
LIQUID,C,Fe,x_Fe,0.19,r=3,3,0.9999999999997496,0.174315832025064,0.17431583202502038,λ·C
LIQUID,C,Fe,x_Fe,0.2,r=3,3,0.9999999999997496,-0.048591771883372326,-0.04859177188336016,λ·C
LIQUID,C,Fe,x_Fe,0.21,r=3,3,0.9999999999997496,-0.18891037389906787,-0.18891037389902057,λ·C
LIQUID,C,Fe,x_Fe,0.22,r=3,3,0.9999999999997496,-0.021891626914304158,-0.021891626914298676,λ·C
LIQUID,C,Fe,x_Fe,0.23,r=3,3,0.9999999999997496,0.11079500456914818,0.11079500456912043,λ·C
LIQUID,C,Fe,x_Fe,0.24,r=3,3,0.9999999999997496,0.04947379506296154,0.049473795062949154,λ·C
LIQUID,C,Fe,x_Fe,0.25,r=3,3,0.9999999999997496,-0.1221444959961969,-0.12214449599616632,λ·C
LIQUID,C,Fe,x_Fe,0.26,r=3,3,0.9999999999997496,-0.19597071302091698,-0.1959707130208679,λ·C
LIQUID,C,Fe,x_Fe,0.27,r=3,3,0.9999999999997496,-0.05320831481824104,-0.053208314818227714,λ·C
LIQUID,C,Fe,x_Fe,0.28,r=3,3,0.9999999999997496,0.09248953373936623,0.09248953373934307,λ·C
LIQUID,C,Fe,x_Fe,0.29,r=3,3,0.9999999999997496,0.131688411272463,0.13168841127243003,λ·C
LIQUID,C,Fe,x_Fe,0.3,r=3,3,0.9999999999997496,-0.02371829367453814,-0.0237182936745322,λ·C
LIQUID,C,Fe,x_Fe,0.31,r=3,3,0.9999999999997496,-0.18821422129347412,-0.188214221293427,λ·C
LIQUID,C,Fe,x_Fe,0.32,r=3,3,0.9999999999997496,0.012960656567133652,0.012960656567130408,λ·C
LIQUID,C,Fe,x_Fe,0.33,r=3,3,0.9999999999997496,0.14403848501263905,0.144038485012603,λ·C
LIQUID,C,Fe,x_Fe,0.34,r=3,3,0.9999999999997496,0.006084520304926207,0.006084520304924684,λ·C
LIQUID,C,Fe,x_Fe,0.35,r=3,3,0.9999999999997496,-0.11475747648046591,-0.11475747648043719,λ·C
LIQUID,C,Fe,x_Fe,0.36,r=3,3,0.9999999999997496,-0.08085523397212617,-0.08085523397210592,λ·C
LIQUID,C,Fe,x_Fe,0.37,r=3,3,0.9999999999997496,0.06075975119200768,0.06075975119199247,λ·C
LIQUID,C,Fe,x_Fe,0.38,r=3,3,0.9999999999997496,0.13488237869018468,0.1348823786901509,λ·C
LIQUID,C,Fe,x_Fe,0.39,r=3,3,0.9999999999997496,-0.0478453993556549,-0.04784539935564292,λ·C
LIQUID,C,Fe,x_Fe,0.4,r=3,3,0.9999999999997496,-0.1978546050261466,-0.19785460502609706,λ·C
LIQUID,C,Fe,x_Fe,0.01,r=4,4,0.9999999999996284,-0.06592509385356231,-0.06592509385353781,λ·C
LIQUID,C,Fe,x_Fe,0.02,r=4,4,0.9999999999996284,0.09516045309813292,0.09516045309809756,λ·C
LIQUID,C,Fe,x_Fe,0.03,r=4,4,0.9999999999996284,0.09812356988948671,0.09812356988945026,λ·C
LIQUID,C,Fe,x_Fe,0.04,r=4,4,0.9999999999996284,-0.017267436004840566,-0.01726743600483415,λ·C
LIQUID,C,Fe,x_Fe,0.05,r=4,4,0.9999999999996284,-0.07760953150720236,-0.07760953150717352,λ·C
LIQUID,C,Fe,x_Fe,0.06,r=4,4,0.9999999999996284,-0.002387159676885654,-0.0023871596768847672,λ·C
LIQUID,C,Fe,x_Fe,0.07,r=4,4,0.9999999999996284,0.12098214643609717,0.12098214643605222,λ·C
LIQUID,C,Fe,x_Fe,0.08,r=4,4,0.9999999999996284,0.0834428602614331,0.0834428602614021,λ·C
LIQUID,C,Fe,x_Fe,0.09,r=4,4,0.9999999999996284,-0.014591789652264896,-0.014591789652259473,λ·C
LIQUID,C,Fe,x_Fe,0.1,r=4,4,0.9999999999996284,-0.022923036592928242,-0.022923036592919725,λ·C
LIQUID,C,Fe,x_Fe,0.11,r=4,4,0.9999999999996284,0.016996794269290693,0.01699679426928438,λ·C
LIQUID,C,Fe,x_Fe,0.12,r=4,4,0.9999999999996284,0.009390211303561052,0.009390211303557564,λ·C
LIQUID,C,Fe,x_Fe,0.13,r=4,4,0.9999999999996284,-0.11224195200044809,-0.11224195200040639,λ·C
LIQUID,C,Fe,x_Fe,0.14,r=4,4,0.9999999999996284,-0.24575064060277815,-0.24575064060268684,λ·C
LIQUID,C,Fe,x_Fe,0.15,r=4,4,0.9999999999996284,-0.2784425980403967,-0.27844259804029325,λ·C
LIQUID,C,Fe,x_Fe,0.16,r=4,4,0.9999999999996284,-0.22604885240856762,-0.22604885240848363,λ·C
LIQUID,C,Fe,x_Fe,0.17,r=4,4,0.9999999999996284,-0.18451229685408008,-0.18451229685401152,λ·C
LIQUID,C,Fe,x_Fe,0.18,r=4,4,0.9999999999996284,-0.23738305130052,-0.2373830513004318,λ·C
LIQUID,C,Fe,x_Fe,0.19,r=4,4,0.9999999999996284,-0.30851935058703306,-0.30851935058691843,λ·C
LIQUID,C,Fe,x_Fe,0.2,r=4,4,0.9999999999996284,-0.27597005110654443,-0.2759700511064419,λ·C
LIQUID,C,Fe,x_Fe,0.21,r=4,4,0.9999999999996284,-0.18360874325070148,-0.18360874325063326,λ·C
LIQUID,C,Fe,x_Fe,0.22,r=4,4,0.9999999999996284,-0.15320407791659085,-0.15320407791653393,λ·C
LIQUID,C,Fe,x_Fe,0.23,r=4,4,0.9999999999996284,-0.21869168799875713,-0.21869168799867586,λ·C
LIQUID,C,Fe,x_Fe,0.24,r=4,4,0.9999999999996284,-0.2915694615398361,-0.29156946153972774,λ·C
LIQUID,C,Fe,x_Fe,0.25,r=4,4,0.9999999999996284,-0.21699669428345356,-0.21699669428337293,λ·C
LIQUID,C,Fe,x_Fe,0.26,r=4,4,0.9999999999996284,-0.12762189985424527,-0.12762189985419783,λ·C
LIQUID,C,Fe,x_Fe,0.27,r=4,4,0.9999999999996284,-0.16515986511669437,-0.165159865116633,λ·C
LIQUID,C,Fe,x_Fe,0.28,r=4,4,0.9999999999996284,-0.2447703142071035,-0.24477031420701253,λ·C
LIQUID,C,Fe,x_Fe,0.29,r=4,4,0.9999999999996284,-0.2621500563864536,-0.2621500563863562,λ·C
LIQUID,C,Fe,x_Fe,0.3,r=4,4,0.9999999999996284,-0.15435581623963068,-0.1543558162395733,λ·C
LIQUID,C,Fe,x_Fe,0.31,r=4,4,0.9999999999996284,-0.04695893710782286,-0.04695893710780541,λ·C
LIQUID,C,Fe,x_Fe,0.32,r=4,4,0.9999999999996284,-0.030042954980670566,-0.0300429549806594,λ·C
LIQUID,C,Fe,x_Fe,0.33,r=4,4,0.9999999999996284,-0.07808631066191002,-0.078086310661881,λ·C
LIQUID,C,Fe,x_Fe,0.34,r=4,4,0.9999999999996284,-0.09223098632156028,-0.092230986321526,λ·C
LIQUID,C,Fe,x_Fe,0.35,r=4,4,0.9999999999996284,0.020402633052580586,0.020402633052573005,λ·C
LIQUID,C,Fe,x_Fe,0.36,r=4,4,0.9999999999996284,0.12098813110669801,0.12098813110665305,λ·C
LIQUID,C,Fe,x_Fe,0.37,r=4,4,0.9999999999996284,0.030480517967192367,0.03048051796718104,λ·C
LIQUID,C,Fe,x_Fe,0.38,r=4,4,0.9999999999996284,-0.08697489867255362,-0.0869748986725213,λ·C
LIQUID,C,Fe,x_Fe,0.39,r=4,4,0.9999999999996284,-0.027166402860299154,-0.027166402860289058,λ·C
LIQUID,C,Fe,x_Fe,0.4,r=4,4,0.9999999999996284,0.09713466537681319,0.09713466537677709,λ·C
LIQUID,C,Fe,x_Fe,0.01,r=5,5,0.9999999999997267,-0.37172530551565935,-0.37172530551555777,λ·C
LIQUID,C,Fe,x_Fe,0.02,r=5,5,0.9999999999997267,-0.3451279537667099,-0.3451279537666156,λ·C
LIQUID,C,Fe,x_Fe,0.03,r=5,5,0.9999999999997267,-0.09940887968088367,-0.0994088796808565,λ·C
LIQUID,C,Fe,x_Fe,0.04,r=5,5,0.9999999999997267,0.008656695756222433,0.008656695756220066,λ·C
LIQUID,C,Fe,x_Fe,0.05,r=5,5,0.9999999999997267,-0.12947939206501968,-0.1294793920649843,λ·C
LIQUID,C,Fe,x_Fe,0.06,r=5,5,0.9999999999997267,-0.304628446721515,-0.30462844672143174,λ·C
LIQUID,C,Fe,x_Fe,0.07,r=5,5,0.9999999999997267,-0.10983558672646598,-0.10983558672643597,λ·C
LIQUID,C,Fe,x_Fe,0.08,r=5,5,0.9999999999997267,0.1998177151766044,0.19981771517654978,λ·C
LIQUID,C,Fe,x_Fe,0.09,r=5,5,0.9999999999997267,0.2625283167574865,0.2625283167574147,λ·C
LIQUID,C,Fe,x_Fe,0.1,r=5,5,0.9999999999997267,0.09703097237879811,0.09703097237877159,λ·C
LIQUID,C,Fe,x_Fe,0.11,r=5,5,0.9999999999997267,0.004351107583302255,0.004351107583301066,λ·C
LIQUID,C,Fe,x_Fe,0.12,r=5,5,0.9999999999997267,0.15212570198608338,0.1521257019860418,λ·C
LIQUID,C,Fe,x_Fe,0.13,r=5,5,0.9999999999997267,0.2810850340559152,0.28108503405583835,λ·C
LIQUID,C,Fe,x_Fe,0.14,r=5,5,0.9999999999997267,0.22479482790922123,0.22479482790915978,λ·C
LIQUID,C,Fe,x_Fe,0.15,r=5,5,0.9999999999997267,0.02194223999888306,0.02194223999887706,λ·C
LIQUID,C,Fe,x_Fe,0.16,r=5,5,0.9999999999997267,-0.03978014159630854,-0.03978014159629767,λ·C
LIQUID,C,Fe,x_Fe,0.17,r=5,5,0.9999999999997267,0.08377090545680153,0.08377090545677864,λ·C
LIQUID,C,Fe,x_Fe,0.18,r=5,5,0.9999999999997267,0.1819358749561834,0.18193587495613367,λ·C
LIQUID,C,Fe,x_Fe,0.19,r=5,5,0.9999999999997267,0.0538474320693793,0.053847432069364584,λ·C
LIQUID,C,Fe,x_Fe,0.2,r=5,5,0.9999999999997267,-0.08061407885389302,-0.08061407885387098,λ·C
LIQUID,C,Fe,x_Fe,0.21,r=5,5,0.9999999999997267,-0.11929750022498459,-0.11929750022495197,λ·C
LIQUID,C,Fe,x_Fe,0.22,r=5,5,0.9999999999997267,0.04589063111439714,0.04589063111438459,λ·C
LIQUID,C,Fe,x_Fe,0.23,r=5,5,0.9999999999997267,0.16849091490270712,0.16849091490266108,λ·C
LIQUID,C,Fe,x_Fe,0.24,r=5,5,0.9999999999997267,0.050358938843656914,0.05035893884364315,λ·C
LIQUID,C,Fe,x_Fe,0.25,r=5,5,0.9999999999997267,-0.09335745126511334,-0.09335745126508782,λ·C
LIQUID,C,Fe,x_Fe,0.26,r=5,5,0.9999999999997267,-0.12443938224580002,-0.124439382245766,λ·C
LIQUID,C,Fe,x_Fe,0.27,r=5,5,0.9999999999997267,0.03739231762547943,0.03739231762546921,λ·C
LIQUID,C,Fe,x_Fe,0.28,r=5,5,0.9999999999997267,0.0657390566928718,0.06573905669285383,λ·C
LIQUID,C,Fe,x_Fe,0.29,r=5,5,0.9999999999997267,-0.05205285249262796,-0.05205285249261374,λ·C
LIQUID,C,Fe,x_Fe,0.3,r=5,5,0.9999999999997267,-0.05239357547790476,-0.05239357547789044,λ·C
LIQUID,C,Fe,x_Fe,0.31,r=5,5,0.9999999999997267,0.044697709600743464,0.044697709600731245,λ·C
LIQUID,C,Fe,x_Fe,0.32,r=5,5,0.9999999999997267,0.14838975274872324,0.14838975274868269,λ·C
LIQUID,C,Fe,x_Fe,0.33,r=5,5,0.9999999999997267,0.1821339622503716,0.1821339622503218,λ·C
LIQUID,C,Fe,x_Fe,0.34,r=5,5,0.9999999999997267,0.029782741861717924,0.029782741861709785,λ·C
LIQUID,C,Fe,x_Fe,0.35,r=5,5,0.9999999999997267,-0.07186192874934066,-0.07186192874932103,λ·C
LIQUID,C,Fe,x_Fe,0.36,r=5,5,0.9999999999997267,0.04544016665664296,0.04544016665663054,λ·C
LIQUID,C,Fe,x_Fe,0.37,r=5,5,0.9999999999997267,0.22895855699857637,0.22895855699851378,λ·C
LIQUID,C,Fe,x_Fe,0.38,r=5,5,0.9999999999997267,0.2599347253542893,0.25993472535421824,λ·C
LIQUID,C,Fe,x_Fe,0.39,r=5,5,0.9999999999997267,0.13930770894645295,0.13930770894641487,λ·C
LIQUID,C,Fe,x_Fe,0.4,r=5,5,0.9999999999997267,0.03517586788584638,0.035175867885836765,λ·C
LIQUID,C,Fe,x_Fe,0.01,r=6,6,0.9999999999996511,-0.04066171339023492,-0.04066171339022073,λ·C
LIQUID,C,Fe,x_Fe,0.02,r=6,6,0.9999999999996511,0.06565915625298203,0.06565915625295912,λ·C
LIQUID,C,Fe,x_Fe,0.03,r=6,6,0.9999999999996511,-0.008278653118064406,-0.008278653118061518,λ·C
LIQUID,C,Fe,x_Fe,0.04,r=6,6,0.9999999999996511,-0.15793457838355865,-0.15793457838350353,λ·C
LIQUID,C,Fe,x_Fe,0.05,r=6,6,0.9999999999996511,-0.2014611087847713,-0.201461108784701,λ·C
LIQUID,C,Fe,x_Fe,0.06,r=6,6,0.9999999999996511,-0.021102718661118233,-0.02110271866111087,λ·C
LIQUID,C,Fe,x_Fe,0.07,r=6,6,0.9999999999996511,0.1940785786991291,0.19407857869906137,λ·C
LIQUID,C,Fe,x_Fe,0.08,r=6,6,0.9999999999996511,0.20524872615074863,0.20524872615067702,λ·C
LIQUID,C,Fe,x_Fe,0.09,r=6,6,0.9999999999996511,0.09078858226691931,0.09078858226688763,λ·C
LIQUID,C,Fe,x_Fe,0.1,r=6,6,0.9999999999996511,0.04396454206832201,0.04396454206830667,λ·C
LIQUID,C,Fe,x_Fe,0.11,r=6,6,0.9999999999996511,0.20297711573629715,0.20297711573622632,λ·C
LIQUID,C,Fe,x_Fe,0.12,r=6,6,0.9999999999996511,0.3798908493520656,0.379890849351933,λ·C
LIQUID,C,Fe,x_Fe,0.13,r=6,6,0.9999999999996511,0.271593705026816,0.27159370502672125,λ·C
LIQUID,C,Fe,x_Fe,0.14,r=6,6,0.9999999999996511,0.0685774048644785,0.06857740486445457,λ·C
LIQUID,C,Fe,x_Fe,0.15,r=6,6,0.9999999999996511,0.027159227720088545,0.027159227720079067,λ·C
LIQUID,C,Fe,x_Fe,0.16,r=6,6,0.9999999999996511,0.19304561908990844,0.19304561908984108,λ·C
LIQUID,C,Fe,x_Fe,0.17,r=6,6,0.9999999999996511,0.2704334280155063,0.2704334280154119,λ·C
LIQUID,C,Fe,x_Fe,0.18,r=6,6,0.9999999999996511,0.10356550988444817,0.10356550988441203,λ·C
LIQUID,C,Fe,x_Fe,0.19,r=6,6,0.9999999999996511,-0.08217952853398043,-0.08217952853395176,λ·C
LIQUID,C,Fe,x_Fe,0.2,r=6,6,0.9999999999996511,-0.051672132704065135,-0.05167213270404711,λ·C
LIQUID,C,Fe,x_Fe,0.21,r=6,6,0.9999999999996511,0.06450943763716567,0.06450943763714316,λ·C
LIQUID,C,Fe,x_Fe,0.22,r=6,6,0.9999999999996511,0.10274679649311008,0.10274679649307424,λ·C
LIQUID,C,Fe,x_Fe,0.23,r=6,6,0.9999999999996511,-0.04798019839770457,-0.04798019839768783,λ·C
LIQUID,C,Fe,x_Fe,0.24,r=6,6,0.9999999999996511,-0.20105213147290574,-0.20105213147283557,λ·C
LIQUID,C,Fe,x_Fe,0.25,r=6,6,0.9999999999996511,-0.17166513165490102,-0.17166513165484112,λ·C
LIQUID,C,Fe,x_Fe,0.26,r=6,6,0.9999999999996511,-0.07180767797074022,-0.07180767797071516,λ·C
LIQUID,C,Fe,x_Fe,0.27,r=6,6,0.9999999999996511,-0.026967513111557248,-0.02696751311154784,λ·C
LIQUID,C,Fe,x_Fe,0.28,r=6,6,0.9999999999996511,-0.15806205618232683,-0.15806205618227168,λ·C
LIQUID,C,Fe,x_Fe,0.29,r=6,6,0.9999999999996511,-0.2772681624970546,-0.27726816249695785,λ·C
LIQUID,C,Fe,x_Fe,0.3,r=6,6,0.9999999999996511,-0.16219303813004268,-0.1621930381299861,λ·C
LIQUID,C,Fe,x_Fe,0.31,r=6,6,0.9999999999996511,-0.016708158261625694,-0.016708158261619865,λ·C
LIQUID,C,Fe,x_Fe,0.32,r=6,6,0.9999999999996511,-0.06062305020976788,-0.060623050209746725,λ·C
LIQUID,C,Fe,x_Fe,0.33,r=6,6,0.9999999999996511,-0.21290742393286455,-0.21290742393279025,λ·C
LIQUID,C,Fe,x_Fe,0.34,r=6,6,0.9999999999996511,-0.29643455266241564,-0.2964345526623122,λ·C
LIQUID,C,Fe,x_Fe,0.35,r=6,6,0.9999999999996511,-0.16497833671320694,-0.16497833671314938,λ·C
LIQUID,C,Fe,x_Fe,0.36,r=6,6,0.9999999999996511,0.03303498735090634,0.033034987350894815,λ·C
LIQUID,C,Fe,x_Fe,0.37,r=6,6,0.9999999999996511,0.010396467961991175,0.010396467961987548,λ·C
LIQUID,C,Fe,x_Fe,0.38,r=6,6,0.9999999999996511,-0.12689042250395463,-0.12689042250391036,λ·C
LIQUID,C,Fe,x_Fe,0.39,r=6,6,0.9999999999996511,-0.18743087846979217,-0.18743087846972678,λ·C
LIQUID,C,Fe,x_Fe,0.4,r=6,6,0.9999999999996511,-0.07059282307265596,-0.07059282307263133,λ·C
LIQUID,D,Temperature,Temperature_K,300.0,r=1,1,0.9999999999958537,0.2871490071775635,0.2871490071763729,λ·D
LIQUID,D,Temperature,Temperature_K,400.0,r=1,1,0.9999999999958537,0.2881505628933085,0.2881505628921137,λ·D
LIQUID,D,Temperature,Temperature_K,500.0,r=1,1,0.9999999999958537,0.2863957947529792,0.2863957947517917,λ·D
LIQUID,D,Temperature,Temperature_K,600.0,r=1,1,0.9999999999958537,0.2827024555018228,0.28270245550065065,λ·D
LIQUID,D,Temperature,Temperature_K,700.0,r=1,1,0.9999999999958537,0.27738177230412575,0.2773817723029756,λ·D
LIQUID,D,Temperature,Temperature_K,800.0,r=1,1,0.9999999999958537,0.2705993949985909,0.27059939499746893,λ·D
LIQUID,D,Temperature,Temperature_K,900.0,r=1,1,0.9999999999958537,0.2624769304265581,0.2624769304254698,λ·D
LIQUID,D,Temperature,Temperature_K,1000.0,r=1,1,0.9999999999958537,0.253122604352739,0.25312260435168943,λ·D
LIQUID,D,Temperature,Temperature_K,1100.0,r=1,1,0.9999999999958537,0.24263873954410914,0.24263873954310308,λ·D
LIQUID,D,Temperature,Temperature_K,1200.0,r=1,1,0.9999999999958537,0.23112049096238613,0.2311204909614278,λ·D
LIQUID,D,Temperature,Temperature_K,1300.0,r=1,1,0.9999999999958537,0.21865073147830755,0.21865073147740094,λ·D
LIQUID,D,Temperature,Temperature_K,1400.0,r=1,1,0.9999999999958537,0.20529284354277338,0.20529284354192218,λ·D
LIQUID,D,Temperature,Temperature_K,1500.0,r=1,1,0.9999999999958537,0.1910820371023143,0.19108203710152202,λ·D
LIQUID,D,Temperature,Temperature_K,1600.0,r=1,1,0.9999999999958537,0.17601537490704364,0.1760153749063138,λ·D
LIQUID,D,Temperature,Temperature_K,1700.0,r=1,1,0.9999999999958537,0.16004050909845927,0.16004050909779569,λ·D
LIQUID,D,Temperature,Temperature_K,1800.0,r=1,1,0.9999999999958537,0.14312890020226884,0.14312890020167537,λ·D
LIQUID,D,Temperature,Temperature_K,1900.0,r=1,1,0.9999999999958537,0.12578678187128833,0.12578678187076678,λ·D
LIQUID,D,Temperature,Temperature_K,2000.0,r=1,1,0.9999999999958537,0.10838212681593345,0.10838212681548406,λ·D
LIQUID,D,Temperature,Temperature_K,2100.0,r=1,1,0.9999999999958537,0.09107488775005623,0.0910748877496786,λ·D
LIQUID,D,Temperature,Temperature_K,2200.0,r=1,1,0.9999999999958537,0.07397723339574984,0.0739772333954431,λ·D
LIQUID,D,Temperature,Temperature_K,2300.0,r=1,1,0.9999999999958537,0.05713827345847805,0.057138273458241136,λ·D
LIQUID,D,Temperature,Temperature_K,2400.0,r=1,1,0.9999999999958537,0.040552254775290314,0.04055225477512217,λ·D
LIQUID,D,Temperature,Temperature_K,2500.0,r=1,1,0.9999999999958537,0.024208631397336634,0.024208631397236256,λ·D
LIQUID,D,Temperature,Temperature_K,2600.0,r=1,1,0.9999999999958537,0.00809770174333342,0.008097701743299844,λ·D
LIQUID,D,Temperature,Temperature_K,2700.0,r=1,1,0.9999999999958537,-0.0077894889300563356,-0.007789488930024038,λ·D
LIQUID,D,Temperature,Temperature_K,2800.0,r=1,1,0.9999999999958537,-0.023461231591437592,-0.023461231591340313,λ·D
LIQUID,D,Temperature,Temperature_K,2900.0,r=1,1,0.9999999999958537,-0.03892522461785197,-0.038925224617690574,λ·D
LIQUID,D,Temperature,Temperature_K,3000.0,r=1,1,0.9999999999958537,-0.054188635149536535,-0.054188635149311846,λ·D
LIQUID,D,Temperature,Temperature_K,3100.0,r=1,1,0.9999999999958537,-0.0692581522553977,-0.06925815225511053,λ·D
LIQUID,D,Temperature,Temperature_K,3200.0,r=1,1,0.9999999999958537,-0.08414003323182975,-0.08414003323148088,λ·D
LIQUID,D,Temperature,Temperature_K,3300.0,r=1,1,0.9999999999958537,-0.09884014411029046,-0.09884014410988064,λ·D
LIQUID,D,Temperature,Temperature_K,300.0,r=2,2,0.999999999999628,-0.2613943641987384,-0.26139436419864115,λ·D
LIQUID,D,Temperature,Temperature_K,400.0,r=2,2,0.999999999999628,-0.2506695120800403,-0.25066951207994703,λ·D
LIQUID,D,Temperature,Temperature_K,500.0,r=2,2,0.999999999999628,-0.23870931899830683,-0.238709318998218,λ·D
LIQUID,D,Temperature,Temperature_K,600.0,r=2,2,0.999999999999628,-0.22572355049804993,-0.22572355049796594,λ·D
LIQUID,D,Temperature,Temperature_K,700.0,r=2,2,0.999999999999628,-0.21185436249137396,-0.21185436249129513,λ·D
LIQUID,D,Temperature,Temperature_K,800.0,r=2,2,0.999999999999628,-0.19720326205403166,-0.1972032620539583,λ·D
LIQUID,D,Temperature,Temperature_K,900.0,r=2,2,0.999999999999628,-0.18184562330934073,-0.1818456233092731,λ·D
LIQUID,D,Temperature,Temperature_K,1000.0,r=2,2,0.999999999999628,-0.16583905094464158,-0.16583905094457987,λ·D
LIQUID,D,Temperature,Temperature_K,1100.0,r=2,2,0.999999999999628,-0.14922848905321617,-0.14922848905316066,λ·D
LIQUID,D,Temperature,Temperature_K,1200.0,r=2,2,0.999999999999628,-0.13204948921171697,-0.13204948921166784,λ·D
LIQUID,D,Temperature,Temperature_K,1300.0,r=2,2,0.999999999999628,-0.1143303746457669,-0.11433037464572436,λ·D
LIQUID,D,Temperature,Temperature_K,1400.0,r=2,2,0.999999999999628,-0.09609370769752858,-0.09609370769749283,λ·D
LIQUID,D,Temperature,Temperature_K,1500.0,r=2,2,0.999999999999628,-0.07735729716672823,-0.07735729716669945,λ·D
LIQUID,D,Temperature,Temperature_K,1600.0,r=2,2,0.999999999999628,-0.058134888867753226,-0.0581348888677316,λ·D
LIQUID,D,Temperature,Temperature_K,1700.0,r=2,2,0.999999999999628,-0.03843662937682129,-0.03843662937680699,λ·D
LIQUID,D,Temperature,Temperature_K,1800.0,r=2,2,0.999999999999628,-0.01826986503167305,-0.018269865031666253,λ·D
LIQUID,D,Temperature,Temperature_K,1900.0,r=2,2,0.999999999999628,0.0023544500683311694,0.0023544500683302934,λ·D
LIQUID,D,Temperature,Temperature_K,2000.0,r=2,2,0.999999999999628,0.0234182207453275,0.02341822074531879,λ·D
LIQUID,D,Temperature,Temperature_K,2100.0,r=2,2,0.999999999999628,0.04490317885332969,0.04490317885331298,λ·D
LIQUID,D,Temperature,Temperature_K,2200.0,r=2,2,0.999999999999628,0.06679202089321103,0.06679202089318617,λ·D
LIQUID,D,Temperature,Temperature_K,2300.0,r=2,2,0.999999999999628,0.08906776547509918,0.08906776547506604,λ·D
LIQUID,D,Temperature,Temperature_K,2400.0,r=2,2,0.999999999999628,0.11171371029717835,0.11171371029713678,λ·D
LIQUID,D,Temperature,Temperature_K,2500.0,r=2,2,0.999999999999628,0.1347144212105786,0.13471442121052848,λ·D
LIQUID,D,Temperature,Temperature_K,2600.0,r=2,2,0.999999999999628,0.15805569982969964,0.15805569982964082,λ·D
LIQUID,D,Temperature,Temperature_K,2700.0,r=2,2,0.999999999999628,0.18172444079434866,0.18172444079428104,λ·D
LIQUID,D,Temperature,Temperature_K,2800.0,r=2,2,0.999999999999628,0.2057085102044653,0.20570851020438877,λ·D
LIQUID,D,Temperature,Temperature_K,2900.0,r=2,2,0.999999999999628,0.22999664144128254,0.22999664144119697,λ·D
LIQUID,D,Temperature,Temperature_K,3000.0,r=2,2,0.999999999999628,0.254578345373343,0.2545783453732483,λ·D
LIQUID,D,Temperature,Temperature_K,3100.0,r=2,2,0.999999999999628,0.2794438325469697,0.2794438325468657,λ·D
LIQUID,D,Temperature,Temperature_K,3200.0,r=2,2,0.999999999999628,0.3045839454260125,0.3045839454258992,λ·D
LIQUID,D,Temperature,Temperature_K,3300.0,r=2,2,0.999999999999628,0.3299900991090136,0.3299900991088908,λ·D
LIQUID,D,Temperature,Temperature_K,300.0,r=3,3,0.9999999999997496,-0.26083621155841497,-0.2608362115583497,λ·D
LIQUID,D,Temperature,Temperature_K,400.0,r=3,3,0.9999999999997496,-0.2501133325261844,-0.2501133325261218,λ·D
LIQUID,D,Temperature,Temperature_K,500.0,r=3,3,0.9999999999997496,-0.23815675274744222,-0.2381567527473826,λ·D
LIQUID,D,Temperature,Temperature_K,600.0,r=3,3,0.9999999999997496,-0.22517615928210177,-0.2251761592820454,λ·D
LIQUID,D,Temperature,Temperature_K,700.0,r=3,3,0.9999999999997496,-0.21131338393990143,-0.21131338393984853,λ·D
LIQUID,D,Temperature,Temperature_K,800.0,r=3,3,0.9999999999997496,-0.1966695779796668,-0.19666957797961757,λ·D
LIQUID,D,Temperature,Temperature_K,900.0,r=3,3,0.9999999999997496,-0.18131977757660836,-0.18131977757656295,λ·D
LIQUID,D,Temperature,Temperature_K,1000.0,r=3,3,0.9999999999997496,-0.1653212771797357,-0.1653212771796943,λ·D
LIQUID,D,Temperature,Temperature_K,1100.0,r=3,3,0.9999999999997496,-0.14871873777524283,-0.1487187377752056,λ·D
LIQUID,D,Temperature,Temperature_K,1200.0,r=3,3,0.9999999999997496,-0.13154745197769507,-0.13154745197766213,λ·D
LIQUID,D,Temperature,Temperature_K,1300.0,r=3,3,0.9999999999997496,-0.1138355051250749,-0.1138355051250464,λ·D
LIQUID,D,Temperature,Temperature_K,1400.0,r=3,3,0.9999999999997496,-0.09560524022941576,-0.09560524022939182,λ·D
LIQUID,D,Temperature,Temperature_K,1500.0,r=3,3,0.9999999999997496,-0.07687426347109125,-0.076874263471072,λ·D
LIQUID,D,Temperature,Temperature_K,1600.0,r=3,3,0.9999999999997496,-0.057656133541049086,-0.05765613354103465,λ·D
LIQUID,D,Temperature,Temperature_K,1700.0,r=3,3,0.9999999999997496,-0.03796082473118775,-0.03796082473117825,λ·D
LIQUID,D,Temperature,Temperature_K,1800.0,r=3,3,0.9999999999997496,-0.017795619682751833,-0.017795619682747378,λ·D
LIQUID,D,Temperature,Temperature_K,1900.0,r=3,3,0.9999999999997496,0.002828095270622537,0.002828095270621829,λ·D
LIQUID,D,Temperature,Temperature_K,2000.0,r=3,3,0.9999999999997496,0.02389219214758149,0.023892192147575507,λ·D
LIQUID,D,Temperature,Temperature_K,2100.0,r=3,3,0.9999999999997496,0.04537853546326618,0.04537853546325482,λ·D
LIQUID,D,Temperature,Temperature_K,2200.0,r=3,3,0.9999999999997496,0.06726990387070447,0.06726990387068763,λ·D
LIQUID,D,Temperature,Temperature_K,2300.0,r=3,3,0.9999999999997496,0.08954933065244251,0.0895493306524201,λ·D
LIQUID,D,Temperature,Temperature_K,2400.0,r=3,3,0.9999999999997496,0.11220006946746576,0.11220006946743767,λ·D
LIQUID,D,Temperature,Temperature_K,2500.0,r=3,3,0.9999999999997496,0.13520663981476766,0.1352066398147338,λ·D
LIQUID,D,Temperature,Temperature_K,2600.0,r=3,3,0.9999999999997496,0.158554800667875,0.1585548006678353,λ·D
LIQUID,D,Temperature,Temperature_K,2700.0,r=3,3,0.9999999999997496,0.18223140730831533,0.1822314073082697,λ·D
LIQUID,D,Temperature,Temperature_K,2800.0,r=3,3,0.9999999999997496,0.2062242893952525,0.20622428939520088,λ·D
LIQUID,D,Temperature,Temperature_K,2900.0,r=3,3,0.9999999999997496,0.23052214647377736,0.23052214647371966,λ·D
LIQUID,D,Temperature,Temperature_K,3000.0,r=3,3,0.9999999999997496,0.25511445791125203,0.25511445791118814,λ·D
LIQUID,D,Temperature,Temperature_K,3100.0,r=3,3,0.9999999999997496,0.2799914048541024,0.2799914048540323,λ·D
LIQUID,D,Temperature,Temperature_K,3200.0,r=3,3,0.9999999999997496,0.30514380226406385,0.30514380226398746,λ·D
LIQUID,D,Temperature,Temperature_K,3300.0,r=3,3,0.9999999999997496,0.3305630394573079,0.33056303945722515,λ·D
LIQUID,D,Temperature,Temperature_K,300.0,r=4,4,0.9999999999996284,0.2552879336145007,0.2552879336144058,λ·D
LIQUID,D,Temperature,Temperature_K,400.0,r=4,4,0.9999999999996284,0.24451860098003528,0.2445186009799444,λ·D
LIQUID,D,Temperature,Temperature_K,500.0,r=4,4,0.9999999999996284,0.2325149823060235,0.2325149823059371,λ·D
LIQUID,D,Temperature,Temperature_K,600.0,r=4,4,0.9999999999996284,0.2194862645175775,0.21948626451749595,λ·D
LIQUID,D,Temperature,Temperature_K,700.0,r=4,4,0.9999999999996284,0.2055738477476772,0.20557384774760082,λ·D
LIQUID,D,Temperature,Temperature_K,800.0,r=4,4,0.9999999999996284,0.19087905880057698,0.19087905880050607,λ·D
LIQUID,D,Temperature,Temperature_K,900.0,r=4,4,0.9999999999996284,0.17547765116040642,0.17547765116034122,λ·D
LIQUID,D,Temperature,Temperature_K,1000.0,r=4,4,0.9999999999996284,0.15942802276592574,0.1594280227658665,λ·D
LIQUID,D,Temperature,Temperature_K,1100.0,r=4,4,0.9999999999996284,0.1427761699878557,0.14277616998780265,λ·D
LIQUID,D,Temperature,Temperature_K,1200.0,r=4,4,0.9999999999996284,0.12555881119419696,0.1255588111941503,λ·D
LIQUID,D,Temperature,Temperature_K,1300.0,r=4,4,0.9999999999996284,0.10780541486896372,0.10780541486892366,λ·D
LIQUID,D,Temperature,Temperature_K,1400.0,r=4,4,0.9999999999996284,0.08953953388364012,0.08953953388360684,λ·D
LIQUID,D,Temperature,Temperature_K,1500.0,r=4,4,0.9999999999996284,0.07077967711068703,0.07077967711066073,λ·D
LIQUID,D,Temperature,Temperature_K,1600.0,r=4,4,0.9999999999996284,0.0515398572663636,0.05153985726634445,λ·D
LIQUID,D,Temperature,Temperature_K,1700.0,r=4,4,0.9999999999996284,0.031829901359547524,0.031829901359535694,λ·D
LIQUID,D,Temperature,Temperature_K,1800.0,r=4,4,0.9999999999996284,0.011656251918967365,0.011656251918963034,λ·D
LIQUID,D,Temperature,Temperature_K,1900.0,r=4,4,0.9999999999996284,-0.008970173734211759,-0.008970173734208426,λ·D
LIQUID,D,Temperature,Temperature_K,2000.0,r=4,4,0.9999999999996284,-0.03002898846990688,-0.030028988469895723,λ·D
LIQUID,D,Temperature,Temperature_K,2100.0,r=4,4,0.9999999999996284,-0.051499512279873115,-0.05149951227985398,λ·D
LIQUID,D,Temperature,Temperature_K,2200.0,r=4,4,0.9999999999996284,-0.0733628410796575,-0.07336284107963024,λ·D
LIQUID,D,Temperature,Temperature_K,2300.0,r=4,4,0.9999999999996284,-0.09560146710602843,-0.0956014671059929,λ·D
LIQUID,D,Temperature,Temperature_K,2400.0,r=4,4,0.9999999999996284,-0.11819909629559668,-0.11819909629555275,λ·D
LIQUID,D,Temperature,Temperature_K,2500.0,r=4,4,0.9999999999996284,-0.14114076132332878,-0.14114076132327633,λ·D
LIQUID,D,Temperature,Temperature_K,2600.0,r=4,4,0.9999999999996284,-0.1644126932504677,-0.1644126932504066,λ·D
LIQUID,D,Temperature,Temperature_K,2700.0,r=4,4,0.9999999999996284,-0.1880021831039372,-0.18800218310386735,λ·D
LIQUID,D,Temperature,Temperature_K,2800.0,r=4,4,0.9999999999996284,-0.21189746398794504,-0.2118974639878663,λ·D
LIQUID,D,Temperature,Temperature_K,2900.0,r=4,4,0.9999999999996284,-0.23608761005615075,-0.23608761005606302,λ·D
LIQUID,D,Temperature,Temperature_K,3000.0,r=4,4,0.9999999999996284,-0.2605624494336016,-0.26056244943350476,λ·D
LIQUID,D,Temperature,Temperature_K,3100.0,r=4,4,0.9999999999996284,-0.28531248876064036,-0.28531248876053433,λ·D
LIQUID,D,Temperature,Temperature_K,3200.0,r=4,4,0.9999999999996284,-0.3103288474821392,-0.3103288474820239,λ·D
LIQUID,D,Temperature,Temperature_K,3300.0,r=4,4,0.9999999999996284,-0.3356032003577393,-0.33560320035761454,λ·D
LIQUID,D,Temperature,Temperature_K,300.0,r=5,5,0.9999999999997267,-0.2622211287086464,-0.2622211287085747,λ·D
LIQUID,D,Temperature,Temperature_K,400.0,r=5,5,0.9999999999997267,-0.25142227916069065,-0.25142227916062193,λ·D
LIQUID,D,Temperature,Temperature_K,500.0,r=5,5,0.9999999999997267,-0.23939167364565125,-0.2393916736455858,λ·D
LIQUID,D,Temperature,Temperature_K,600.0,r=5,5,0.9999999999997267,-0.22634052070047453,-0.22634052070041266,λ·D
LIQUID,D,Temperature,Temperature_K,700.0,r=5,5,0.9999999999997267,-0.21241140658246607,-0.212411406582408,λ·D
LIQUID,D,Temperature,Temperature_K,800.0,r=5,5,0.9999999999997267,-0.19770587425795036,-0.19770587425789632,λ·D
LIQUID,D,Temperature,Temperature_K,900.0,r=5,5,0.9999999999997267,-0.18229915760441426,-0.18229915760436444,λ·D
LIQUID,D,Temperature,Temperature_K,1000.0,r=5,5,0.9999999999997267,-0.16624864112104715,-0.1662486411210017,λ·D
LIQUID,D,Temperature,Temperature_K,1100.0,r=5,5,0.9999999999997267,-0.14959902049667154,-0.14959902049663065,λ·D
LIQUID,D,Temperature,Temperature_K,1200.0,r=5,5,0.9999999999997267,-0.13238560465485802,-0.13238560465482183,λ·D
LIQUID,D,Temperature,Temperature_K,1300.0,r=5,5,0.9999999999997267,-0.11463650684248507,-0.11463650684245373,λ·D
LIQUID,D,Temperature,Temperature_K,1400.0,r=5,5,0.9999999999997267,-0.09637413684855278,-0.09637413684852644,λ·D
LIQUID,D,Temperature,Temperature_K,1500.0,r=5,5,0.9999999999997267,-0.07761623340520178,-0.07761623340518056,λ·D
LIQUID,D,Temperature,Temperature_K,1600.0,r=5,5,0.9999999999997267,-0.05837658152026886,-0.0583765815202529,λ·D
LIQUID,D,Temperature,Temperature_K,1700.0,r=5,5,0.9999999999997267,-0.03866550560300827,-0.0386655056029977,λ·D
LIQUID,D,Temperature,Temperature_K,1800.0,r=5,5,0.9999999999997267,-0.018490858422916954,-0.0184908584229119,λ·D
LIQUID,D,Temperature,Temperature_K,1900.0,r=5,5,0.9999999999997267,0.002134520337270066,0.0021345203372694827,λ·D
LIQUID,D,Temperature,Temperature_K,2000.0,r=5,5,0.9999999999997267,0.02319226308580643,0.02319226308580009,λ·D
LIQUID,D,Temperature,Temperature_K,2100.0,r=5,5,0.9999999999997267,0.04466482478303049,0.04466482478301829,λ·D
LIQUID,D,Temperature,Temperature_K,2200.0,r=5,5,0.9999999999997267,0.06653547634672015,0.06653547634670197,λ·D
LIQUID,D,Temperature,Temperature_K,2300.0,r=5,5,0.9999999999997267,0.08878763595179137,0.0887876359517671,λ·D
LIQUID,D,Temperature,Temperature_K,2400.0,r=5,5,0.9999999999997267,0.1114048487538303,0.11140484875379986,λ·D
LIQUID,D,Temperature,Temperature_K,2500.0,r=5,5,0.9999999999997267,0.13437189519248677,0.13437189519245005,λ·D
LIQUID,D,Temperature,Temperature_K,2600.0,r=5,5,0.9999999999997267,0.15767477428927573,0.15767477428923263,λ·D
LIQUID,D,Temperature,Temperature_K,2700.0,r=5,5,0.9999999999997267,0.1813005628942674,0.18130056289421786,λ·D
LIQUID,D,Temperature,Temperature_K,2800.0,r=5,5,0.9999999999997267,0.20523729581099157,0.20523729581093547,λ·D
LIQUID,D,Temperature,Temperature_K,2900.0,r=5,5,0.9999999999997267,0.2294738630660469,0.22947386306598416,λ·D
LIQUID,D,Temperature,Temperature_K,3000.0,r=5,5,0.9999999999997267,0.2539999213635633,0.25399992136349386,λ·D
LIQUID,D,Temperature,Temperature_K,3100.0,r=5,5,0.9999999999997267,0.2788058173574967,0.2788058173574205,λ·D
LIQUID,D,Temperature,Temperature_K,3200.0,r=5,5,0.9999999999997267,0.3038825208334797,0.3038825208333967,λ·D
LIQUID,D,Temperature,Temperature_K,3300.0,r=5,5,0.9999999999997267,0.3292215662502199,0.32922156625012994,λ·D
LIQUID,D,Temperature,Temperature_K,300.0,r=6,6,0.9999999999996511,0.26034374644538444,0.26034374644529357,λ·D
LIQUID,D,Temperature,Temperature_K,400.0,r=6,6,0.9999999999996511,0.24951563951003486,0.2495156395099478,λ·D
LIQUID,D,Temperature,Temperature_K,500.0,r=6,6,0.9999999999996511,0.23746992708536507,0.23746992708528222,λ·D
LIQUID,D,Temperature,Temperature_K,600.0,r=6,6,0.9999999999996511,0.2244116953483163,0.224411695348238,λ·D
LIQUID,D,Temperature,Temperature_K,700.0,r=6,6,0.9999999999996511,0.21048144827159482,0.21048144827152138,λ·D
LIQUID,D,Temperature,Temperature_K,800.0,r=6,6,0.9999999999996511,0.19577976011264211,0.1957797601125738,λ·D
LIQUID,D,Temperature,Temperature_K,900.0,r=6,6,0.9999999999996511,0.1803811978125338,0.18038119781247086,λ·D
LIQUID,D,Temperature,Temperature_K,1000.0,r=6,6,0.9999999999996511,0.16434254026513548,0.16434254026507814,λ·D
LIQUID,D,Temperature,Temperature_K,1100.0,r=6,6,0.9999999999996511,0.14770788196925583,0.14770788196920429,λ·D
LIQUID,D,Temperature,Temperature_K,1200.0,r=6,6,0.9999999999996511,0.13051194521777665,0.1305119452177311,λ·D
LIQUID,D,Temperature,Temperature_K,1300.0,r=6,6,0.9999999999996511,0.112782309344984,0.11278230934494464,λ·D
LIQUID,D,Temperature,Temperature_K,1400.0,r=6,6,0.9999999999996511,0.09454095530333423,0.09454095530330124,λ·D
LIQUID,D,Temperature,Temperature_K,1500.0,r=6,6,0.9999999999996511,0.07580535982869291,0.07580535982866646,λ·D
LIQUID,D,Temperature,Temperature_K,1600.0,r=6,6,0.9999999999996511,0.05658928258599525,0.0565892825859755,λ·D
LIQUID,D,Temperature,Temperature_K,1700.0,r=6,6,0.9999999999996511,0.036903337154554246,0.03690333715454137,λ·D
LIQUID,D,Temperature,Temperature_K,1800.0,r=6,6,0.9999999999996511,0.016755356193238476,0.01675535619323263,λ·D
LIQUID,D,Temperature,Temperature_K,1900.0,r=6,6,0.9999999999996511,-0.0038465146240033664,-0.003846514624002024,λ·D
LIQUID,D,Temperature,Temperature_K,2000.0,r=6,6,0.9999999999996511,-0.024886872587153108,-0.024886872587144424,λ·D
LIQUID,D,Temperature,Temperature_K,2100.0,r=6,6,0.9999999999996511,-0.046349063928945736,-0.04634906392892956,λ·D
LIQUID,D,Temperature,Temperature_K,2200.0,r=6,6,0.9999999999996511,-0.06821691863816395,-0.06821691863814015,λ·D
LIQUID,D,Temperature,Temperature_K,2300.0,r=6,6,0.9999999999996511,-0.09047395888721053,-0.09047395888717896,λ·D
LIQUID,D,Temperature,Temperature_K,2400.0,r=6,6,0.9999999999996511,-0.11310343788691435,-0.11310343788687488,λ·D
LIQUID,D,Temperature,Temperature_K,2500.0,r=6,6,0.9999999999996511,-0.13608982815865087,-0.13608982815860338,λ·D
LIQUID,D,Temperature,Temperature_K,2600.0,r=6,6,0.9999999999996511,-0.1594188454595854,-0.15941884545952978,λ·D
LIQUID,D,Temperature,Temperature_K,2700.0,r=6,6,0.9999999999996511,-0.1830773051816842,-0.1830773051816203,λ·D
LIQUID,D,Temperature,Temperature_K,2800.0,r=6,6,0.9999999999996511,-0.20705300005135097,-0.20705300005127872,λ·D
LIQUID,D,Temperature,Temperature_K,2900.0,r=6,6,0.9999999999996511,-0.23133459532062148,-0.23133459532054076,λ·D
LIQUID,D,Temperature,Temperature_K,3000.0,r=6,6,0.9999999999996511,-0.2559115384302003,-0.255911538430111,λ·D
LIQUID,D,Temperature,Temperature_K,3100.0,r=6,6,0.9999999999996511,-0.2807739807294342,-0.28077398072933624,λ·D
LIQUID,D,Temperature,Temperature_K,3200.0,r=6,6,0.9999999999996511,-0.30591270930630426,-0.3059127093061975,λ·D
LIQUID,D,Temperature,Temperature_K,3300.0,r=6,6,0.9999999999996511,-0.3313190873461248,-0.3313190873460092,λ·D
